,entry_id,mode,num_examples,dataset_name,gpt_output,pred,actual,match
0,291,PROMPT_TUNING,5,UNSW,switch,switch,switch,1
1,415,PROMPT_TUNING,5,UNSW,motion_sensor,motion_sensor,motion_sensor,1
2,3598,PROMPT_TUNING,5,UNSW,switch,switch,motion_sensor,0
3,4158,PROMPT_TUNING,5,UNSW,router,router,camera,0
4,4277,PROMPT_TUNING,5,UNSW,switch,switch,switch,1
5,4832,PROMPT_TUNING,5,UNSW,switch,switch,motion_sensor,0
6,5669,PROMPT_TUNING,5,UNSW,printer,printer,camera,0
7,6072,PROMPT_TUNING,5,UNSW,switch,switch,switch,1
8,6217,PROMPT_TUNING,5,UNSW,switch,switch,speaker,0
9,7447,PROMPT_TUNING,5,UNSW,switch,switch,switch,1
10,7598,PROMPT_TUNING,5,UNSW,motion_sensor,motion_sensor,motion_sensor,1
11,7645,PROMPT_TUNING,5,UNSW,motion_sensor,motion_sensor,motion_sensor,1
12,8221,PROMPT_TUNING,5,UNSW,speaker,speaker,speaker,1
13,9340,PROMPT_TUNING,5,UNSW,router,router,router,1
14,9871,PROMPT_TUNING,5,UNSW,router,router,motion_sensor,0
15,9975,PROMPT_TUNING,5,UNSW,router,router,router,1
16,10932,PROMPT_TUNING,5,UNSW,printer,printer,camera,0
17,10995,PROMPT_TUNING,5,UNSW,motion_sensor,motion_sensor,camera,0
18,11925,PROMPT_TUNING,5,UNSW,switch,switch,motion_sensor,0
19,13666,PROMPT_TUNING,5,UNSW,motion_sensor,motion_sensor,mobile,0
20,14395,PROMPT_TUNING,5,UNSW,motion_sensor,motion_sensor,camera,0
21,15546,PROMPT_TUNING,5,UNSW,switch,switch,motion_sensor,0
22,16845,PROMPT_TUNING,5,UNSW,motion_sensor,motion_sensor,motion_sensor,1
23,17449,PROMPT_TUNING,5,UNSW,router,router,mobile,0
24,18359,PROMPT_TUNING,5,UNSW,printer,printer,printer,1
25,18750,PROMPT_TUNING,5,UNSW,printer,printer,printer,1
26,19705,PROMPT_TUNING,5,UNSW,switch,switch,motion_sensor,0
27,20303,PROMPT_TUNING,5,UNSW,printer,printer,camera,0
28,20535,PROMPT_TUNING,5,UNSW,bulb,bulb,camera,0
29,20978,PROMPT_TUNING,5,UNSW,router,router,camera,0
30,22166,PROMPT_TUNING,5,UNSW,The type of this device is printer.,printer,printer,1
31,22505,PROMPT_TUNING,5,UNSW,speaker,speaker,speaker,1
32,22580,PROMPT_TUNING,5,UNSW,camera,camera,mobile,0
33,23090,PROMPT_TUNING,5,UNSW,camera,camera,camera,1
34,24275,PROMPT_TUNING,5,UNSW,router,router,router,1
35,25024,PROMPT_TUNING,5,UNSW,printer,printer,speaker,0
36,25763,PROMPT_TUNING,5,UNSW,motion_sensor,motion_sensor,camera,0
37,26117,PROMPT_TUNING,5,UNSW,switch,switch,mobile,0
38,26425,PROMPT_TUNING,5,UNSW,router,router,speaker,0
39,29414,PROMPT_TUNING,5,UNSW,router,router,printer,0
40,29895,PROMPT_TUNING,5,UNSW,router,router,router,1
41,29985,PROMPT_TUNING,5,UNSW,router,router,router,1
42,30268,PROMPT_TUNING,5,UNSW,motion_sensor,motion_sensor,camera,0
43,30417,PROMPT_TUNING,5,UNSW,motion_sensor,motion_sensor,camera,0
44,30778,PROMPT_TUNING,5,UNSW,printer,printer,printer,1
45,30868,PROMPT_TUNING,5,UNSW,mobile,mobile,camera,0
46,31804,PROMPT_TUNING,5,UNSW,router,router,camera,0
47,33797,PROMPT_TUNING,5,UNSW,bulb,bulb,speaker,0
48,34102,PROMPT_TUNING,5,UNSW,router,router,switch,0
49,35603,PROMPT_TUNING,5,UNSW,mobile,mobile,speaker,0
50,36128,PROMPT_TUNING,5,UNSW,camera,camera,speaker,0
51,36301,PROMPT_TUNING,5,UNSW,speaker,speaker,speaker,1
52,36428,PROMPT_TUNING,5,UNSW,mobile,mobile,camera,0
53,37398,PROMPT_TUNING,5,UNSW,switch,switch,computer,0
54,38279,PROMPT_TUNING,5,UNSW,camera,camera,computer,0
55,38328,PROMPT_TUNING,5,UNSW,speaker,speaker,computer,0
56,38329,PROMPT_TUNING,5,UNSW,speaker,speaker,computer,0
57,38369,PROMPT_TUNING,5,UNSW,motion_sensor,motion_sensor,computer,0
58,38780,PROMPT_TUNING,5,UNSW,switch,switch,computer,0
59,39009,PROMPT_TUNING,5,UNSW,printer,printer,printer,1
60,39321,PROMPT_TUNING,5,UNSW,speaker,speaker,computer,0
61,39343,PROMPT_TUNING,5,UNSW,motion_sensor,motion_sensor,computer,0
62,39512,PROMPT_TUNING,5,UNSW,motion_sensor,motion_sensor,computer,0
63,39657,PROMPT_TUNING,5,UNSW,switch,switch,computer,0
64,39693,PROMPT_TUNING,5,UNSW,router,router,computer,0
65,39765,PROMPT_TUNING,5,UNSW,speaker,speaker,computer,0
66,39807,PROMPT_TUNING,5,UNSW,switch,switch,computer,0
67,40133,PROMPT_TUNING,5,UNSW,switch,switch,mobile,0
68,40152,PROMPT_TUNING,5,UNSW,speaker,speaker,computer,0
69,40390,PROMPT_TUNING,5,UNSW,switch,switch,mobile,0
70,40640,PROMPT_TUNING,5,UNSW,motion_sensor,motion_sensor,mobile,0
71,40911,PROMPT_TUNING,5,UNSW,camera,camera,mobile,0
72,41186,PROMPT_TUNING,5,UNSW,router,router,computer,0
73,41188,PROMPT_TUNING,5,UNSW,camera,camera,mobile,0
74,41205,PROMPT_TUNING,5,UNSW,speaker,speaker,camera,0
75,41474,PROMPT_TUNING,5,UNSW,motion_sensor,motion_sensor,camera,0
76,41656,PROMPT_TUNING,5,UNSW,switch,switch,mobile,0
77,42918,PROMPT_TUNING,5,UNSW,router,router,camera,0
78,43378,PROMPT_TUNING,5,UNSW,camera,camera,computer,0
79,71800,PROMPT_TUNING,5,UNSW,router,router,camera,0
80,110269,PROMPT_TUNING,5,UNSW,router,router,camera,0
81,110654,PROMPT_TUNING,5,UNSW,The type of this device is printer.,printer,router,0
82,111822,PROMPT_TUNING,5,UNSW,bulb,bulb,bulb,1
83,111920,PROMPT_TUNING,5,UNSW,switch,switch,camera,0
84,113099,PROMPT_TUNING,5,UNSW,switch,switch,switch,1
85,113329,PROMPT_TUNING,5,UNSW,switch,switch,switch,1
86,114637,PROMPT_TUNING,5,UNSW,switch,switch,camera,0
87,114980,PROMPT_TUNING,5,UNSW,router,router,camera,0
88,115179,PROMPT_TUNING,5,UNSW,router,router,speaker,0
89,116268,PROMPT_TUNING,5,UNSW,motion_sensor,motion_sensor,motion_sensor,1
90,116879,PROMPT_TUNING,5,UNSW,motion_sensor,motion_sensor,motion_sensor,1
91,117228,PROMPT_TUNING,5,UNSW,switch,switch,speaker,0
92,117565,PROMPT_TUNING,5,UNSW,switch,switch,motion_sensor,0
93,119262,PROMPT_TUNING,5,UNSW,camera,camera,camera,1
94,121719,PROMPT_TUNING,5,UNSW,speaker,speaker,speaker,1
95,123544,PROMPT_TUNING,5,UNSW,motion_sensor,motion_sensor,router,0
96,125701,PROMPT_TUNING,5,UNSW,motion_sensor,motion_sensor,motion_sensor,1
97,126919,PROMPT_TUNING,5,UNSW,motion_sensor,motion_sensor,mobile,0
98,127062,PROMPT_TUNING,5,UNSW,router,router,camera,0
99,127674,PROMPT_TUNING,5,UNSW,router,router,camera,0
100,128085,PROMPT_TUNING,5,UNSW,router,router,camera,0
101,128181,PROMPT_TUNING,5,UNSW,camera,camera,mobile,0
102,128251,PROMPT_TUNING,5,UNSW,router,router,mobile,0
103,129172,PROMPT_TUNING,5,UNSW,motion_sensor,motion_sensor,motion_sensor,1
104,129478,PROMPT_TUNING,5,UNSW,router,router,camera,0
105,129572,PROMPT_TUNING,5,UNSW,camera,camera,camera,1
106,129748,PROMPT_TUNING,5,UNSW,router,router,router,1
107,130643,PROMPT_TUNING,5,UNSW,router,router,camera,0
108,130869,PROMPT_TUNING,5,UNSW,router,router,camera,0
109,131609,PROMPT_TUNING,5,UNSW,router,router,camera,0
110,131773,PROMPT_TUNING,5,UNSW,motion_sensor,motion_sensor,camera,0
111,131853,PROMPT_TUNING,5,UNSW,motion_sensor,motion_sensor,camera,0
112,132165,PROMPT_TUNING,5,UNSW,camera,camera,camera,1
113,132585,PROMPT_TUNING,5,UNSW,speaker,speaker,mobile,0
114,133701,PROMPT_TUNING,5,UNSW,switch,switch,motion_sensor,0
115,134103,PROMPT_TUNING,5,UNSW,switch,switch,motion_sensor,0
116,134192,PROMPT_TUNING,5,UNSW,printer,printer,camera,0
117,134570,PROMPT_TUNING,5,UNSW,router,router,camera,0
118,134923,PROMPT_TUNING,5,UNSW,motion_sensor,motion_sensor,motion_sensor,1
119,134949,PROMPT_TUNING,5,UNSW,motion_sensor,motion_sensor,mobile,0
120,135820,PROMPT_TUNING,5,UNSW,motion_sensor,motion_sensor,motion_sensor,1
121,136665,PROMPT_TUNING,5,UNSW,router,router,camera,0
122,137126,PROMPT_TUNING,5,UNSW,router,router,switch,0
123,137287,PROMPT_TUNING,5,UNSW,motion_sensor,motion_sensor,speaker,0
124,137517,PROMPT_TUNING,5,UNSW,bulb,bulb,bulb,1
125,137556,PROMPT_TUNING,5,UNSW,speaker,speaker,speaker,1
126,139526,PROMPT_TUNING,5,UNSW,camera,camera,camera,1
127,141005,PROMPT_TUNING,5,UNSW,router,router,camera,0
128,141049,PROMPT_TUNING,5,UNSW,router,router,camera,0
129,146125,PROMPT_TUNING,5,UNSW,switch,switch,motion_sensor,0
130,146882,PROMPT_TUNING,5,UNSW,router,router,mobile,0
131,147013,PROMPT_TUNING,5,UNSW,motion_sensor,motion_sensor,bulb,0
132,147691,PROMPT_TUNING,5,UNSW,router,router,camera,0
133,148449,PROMPT_TUNING,5,UNSW,motion_sensor,motion_sensor,motion_sensor,1
134,148460,PROMPT_TUNING,5,UNSW,router,router,mobile,0
135,149074,PROMPT_TUNING,5,UNSW,router,router,camera,0
136,150763,PROMPT_TUNING,5,UNSW,switch,switch,camera,0
137,151281,PROMPT_TUNING,5,UNSW,switch,switch,motion_sensor,0
138,152091,PROMPT_TUNING,5,UNSW,printer,printer,switch,0
139,152165,PROMPT_TUNING,5,UNSW,switch,switch,bulb,0
140,152260,PROMPT_TUNING,5,UNSW,switch,switch,speaker,0
141,152339,PROMPT_TUNING,5,UNSW,router,router,printer,0
142,153305,PROMPT_TUNING,5,UNSW,router,router,motion_sensor,0
143,153410,PROMPT_TUNING,5,UNSW,motion_sensor,motion_sensor,camera,0
144,154012,PROMPT_TUNING,5,UNSW,bulb,bulb,mobile,0
145,154567,PROMPT_TUNING,5,UNSW,camera,camera,camera,1
146,155033,PROMPT_TUNING,5,UNSW,switch,switch,speaker,0
147,155630,PROMPT_TUNING,5,UNSW,mobile,mobile,camera,0
148,155928,PROMPT_TUNING,5,UNSW,switch,switch,camera,0
149,156054,PROMPT_TUNING,5,UNSW,mobile,mobile,camera,0
150,156556,PROMPT_TUNING,5,UNSW,switch,switch,motion_sensor,0
151,157772,PROMPT_TUNING,5,UNSW,printer,printer,camera,0
152,158346,PROMPT_TUNING,5,UNSW,motion_sensor,motion_sensor,computer,0
153,158466,PROMPT_TUNING,5,UNSW,motion_sensor,motion_sensor,camera,0
154,158502,PROMPT_TUNING,5,UNSW,motion_sensor,motion_sensor,computer,0
155,158552,PROMPT_TUNING,5,UNSW,printer,printer,computer,0
156,158782,PROMPT_TUNING,5,UNSW,router,router,router,1
157,159095,PROMPT_TUNING,5,UNSW,bulb,bulb,bulb,1
158,159369,PROMPT_TUNING,5,UNSW,switch,switch,switch,1
159,160330,PROMPT_TUNING,5,UNSW,printer,printer,camera,0
160,160344,PROMPT_TUNING,5,UNSW,motion_sensor,motion_sensor,motion_sensor,1
161,160445,PROMPT_TUNING,5,UNSW,router,router,camera,0
162,160592,PROMPT_TUNING,5,UNSW,motion_sensor,motion_sensor,computer,0
163,160644,PROMPT_TUNING,5,UNSW,motion_sensor,motion_sensor,motion_sensor,1
164,160781,PROMPT_TUNING,5,UNSW,motion_sensor,motion_sensor,computer,0
165,161326,PROMPT_TUNING,5,UNSW,mobile,mobile,computer,0
166,161365,PROMPT_TUNING,5,UNSW,motion_sensor,motion_sensor,computer,0
167,161437,PROMPT_TUNING,5,UNSW,router,router,computer,0
168,161687,PROMPT_TUNING,5,UNSW,router,router,computer,0
169,161786,PROMPT_TUNING,5,UNSW,motion_sensor,motion_sensor,computer,0
170,161826,PROMPT_TUNING,5,UNSW,printer,printer,computer,0
171,162372,PROMPT_TUNING,5,UNSW,switch,switch,computer,0
172,162376,PROMPT_TUNING,5,UNSW,router,router,switch,0
173,162662,PROMPT_TUNING,5,UNSW,printer,printer,printer,1
174,162874,PROMPT_TUNING,5,UNSW,motion_sensor,motion_sensor,camera,0
175,163286,PROMPT_TUNING,5,UNSW,speaker,speaker,computer,0
176,163486,PROMPT_TUNING,5,UNSW,switch,switch,camera,0
177,163740,PROMPT_TUNING,5,UNSW,switch,switch,router,0
178,164177,PROMPT_TUNING,5,UNSW,switch,switch,camera,0
179,164222,PROMPT_TUNING,5,UNSW,router,router,camera,0
180,164407,PROMPT_TUNING,5,UNSW,router,router,computer,0
181,164549,PROMPT_TUNING,5,UNSW,router,router,computer,0
182,164807,PROMPT_TUNING,5,UNSW,motion_sensor,motion_sensor,camera,0
183,165096,PROMPT_TUNING,5,UNSW,printer,printer,motion_sensor,0
184,165251,PROMPT_TUNING,5,UNSW,speaker,speaker,computer,0
185,165266,PROMPT_TUNING,5,UNSW,camera,camera,computer,0
186,165304,PROMPT_TUNING,5,UNSW,bulb,bulb,computer,0
187,165402,PROMPT_TUNING,5,UNSW,router,router,computer,0
188,165439,PROMPT_TUNING,5,UNSW,switch,switch,motion_sensor,0
189,166238,PROMPT_TUNING,5,UNSW,router,router,computer,0
190,166367,PROMPT_TUNING,5,UNSW,router,router,computer,0
191,166842,PROMPT_TUNING,5,UNSW,switch,switch,bulb,0
192,167083,PROMPT_TUNING,5,UNSW,motion_sensor,motion_sensor,motion_sensor,1
193,167361,PROMPT_TUNING,5,UNSW,motion_sensor,motion_sensor,speaker,0
194,168462,PROMPT_TUNING,5,UNSW,router,router,camera,0
195,168644,PROMPT_TUNING,5,UNSW,switch,switch,switch,1
196,168772,PROMPT_TUNING,5,UNSW,switch,switch,switch,1
197,168931,PROMPT_TUNING,5,UNSW,router,router,mobile,0
198,170618,PROMPT_TUNING,5,UNSW,router,router,router,1
199,171094,PROMPT_TUNING,5,UNSW,mobile,mobile,camera,0
200,172148,PROMPT_TUNING,5,UNSW,switch,switch,router,0
201,172172,PROMPT_TUNING,5,UNSW,speaker,speaker,speaker,1
202,172634,PROMPT_TUNING,5,UNSW,router,router,router,1
203,173584,PROMPT_TUNING,5,UNSW,printer,printer,printer,1
204,174202,PROMPT_TUNING,5,UNSW,switch,switch,motion_sensor,0
205,175064,PROMPT_TUNING,5,UNSW,switch,switch,camera,0
206,175280,PROMPT_TUNING,5,UNSW,motion_sensor,motion_sensor,camera,0
207,175808,PROMPT_TUNING,5,UNSW,camera,camera,camera,1
208,177513,PROMPT_TUNING,5,UNSW,camera,camera,mobile,0
209,179021,PROMPT_TUNING,5,UNSW,router,router,camera,0
210,179444,PROMPT_TUNING,5,UNSW,speaker,speaker,speaker,1
211,179602,PROMPT_TUNING,5,UNSW,camera,camera,speaker,0
212,181783,PROMPT_TUNING,5,UNSW,switch,switch,mobile,0
213,181875,PROMPT_TUNING,5,UNSW,router,router,mobile,0
214,182944,PROMPT_TUNING,5,UNSW,motion_sensor,motion_sensor,camera,0
215,183013,PROMPT_TUNING,5,UNSW,switch,switch,motion_sensor,0
216,183552,PROMPT_TUNING,5,UNSW,motion_sensor,motion_sensor,camera,0
217,183875,PROMPT_TUNING,5,UNSW,motion_sensor,motion_sensor,camera,0
218,184084,PROMPT_TUNING,5,UNSW,motion_sensor,motion_sensor,camera,0
219,184637,PROMPT_TUNING,5,UNSW,router,router,camera,0
220,185086,PROMPT_TUNING,5,UNSW,switch,switch,computer,0
221,185191,PROMPT_TUNING,5,UNSW,motion_sensor,motion_sensor,motion_sensor,1
222,185353,PROMPT_TUNING,5,UNSW,motion_sensor,motion_sensor,motion_sensor,1
223,186123,PROMPT_TUNING,5,UNSW,motion_sensor,motion_sensor,camera,0
224,186307,PROMPT_TUNING,5,UNSW,motion_sensor,motion_sensor,camera,0
225,186337,PROMPT_TUNING,5,UNSW,switch,switch,computer,0
226,186518,PROMPT_TUNING,5,UNSW,computer,computer,computer,1
227,186792,PROMPT_TUNING,5,UNSW,motion_sensor,motion_sensor,camera,0
228,187340,PROMPT_TUNING,5,UNSW,switch,switch,computer,0
229,188517,PROMPT_TUNING,5,UNSW,camera,camera,computer,0
230,188628,PROMPT_TUNING,5,UNSW,router,router,computer,0
231,188738,PROMPT_TUNING,5,UNSW,motion_sensor,motion_sensor,computer,0
232,189682,PROMPT_TUNING,5,UNSW,router,router,computer,0
233,190039,PROMPT_TUNING,5,UNSW,switch,switch,computer,0
234,190142,PROMPT_TUNING,5,UNSW,switch,switch,computer,0
235,190904,PROMPT_TUNING,5,UNSW,speaker,speaker,mobile,0
236,190989,PROMPT_TUNING,5,UNSW,switch,switch,motion_sensor,0
237,191184,PROMPT_TUNING,5,UNSW,switch,switch,computer,0
238,191480,PROMPT_TUNING,5,UNSW,router,router,computer,0
239,191655,PROMPT_TUNING,5,UNSW,motion_sensor,motion_sensor,motion_sensor,1
240,192105,PROMPT_TUNING,5,UNSW,switch,switch,computer,0
241,192448,PROMPT_TUNING,5,UNSW,router,router,computer,0
242,192510,PROMPT_TUNING,5,UNSW,switch,switch,computer,0
243,192535,PROMPT_TUNING,5,UNSW,switch,switch,motion_sensor,0
244,192923,PROMPT_TUNING,5,UNSW,switch,switch,computer,0
245,193428,PROMPT_TUNING,5,UNSW,camera,camera,camera,1
246,194471,PROMPT_TUNING,5,UNSW,switch,switch,computer,0
247,194684,PROMPT_TUNING,5,UNSW,motion_sensor,motion_sensor,computer,0
248,194884,PROMPT_TUNING,5,UNSW,mobile,mobile,mobile,1
249,194917,PROMPT_TUNING,5,UNSW,router,router,computer,0
250,195389,PROMPT_TUNING,5,UNSW,router,router,computer,0
251,195564,PROMPT_TUNING,5,UNSW,switch,switch,computer,0
252,195761,PROMPT_TUNING,5,UNSW,switch,switch,computer,0
253,196085,PROMPT_TUNING,5,UNSW,motion_sensor,motion_sensor,camera,0
254,196511,PROMPT_TUNING,5,UNSW,motion_sensor,motion_sensor,computer,0
255,196731,PROMPT_TUNING,5,UNSW,switch,switch,computer,0
256,196741,PROMPT_TUNING,5,UNSW,switch,switch,computer,0
257,196763,PROMPT_TUNING,5,UNSW,motion_sensor,motion_sensor,computer,0
258,196828,PROMPT_TUNING,5,UNSW,motion_sensor,motion_sensor,computer,0
259,197135,PROMPT_TUNING,5,UNSW,router,router,mobile,0
260,197194,PROMPT_TUNING,5,UNSW,printer,printer,motion_sensor,0
261,197400,PROMPT_TUNING,5,UNSW,switch,switch,switch,1
262,197776,PROMPT_TUNING,5,UNSW,motion_sensor,motion_sensor,computer,0
263,197880,PROMPT_TUNING,5,UNSW,switch,switch,computer,0
264,198164,PROMPT_TUNING,5,UNSW,router,router,computer,0
265,198305,PROMPT_TUNING,5,UNSW,printer,printer,computer,0
266,198463,PROMPT_TUNING,5,UNSW,motion_sensor,motion_sensor,computer,0
267,198739,PROMPT_TUNING,5,UNSW,bulb,bulb,camera,0
268,198765,PROMPT_TUNING,5,UNSW,printer,printer,printer,1
269,199023,PROMPT_TUNING,5,UNSW,router,router,motion_sensor,0
270,199627,PROMPT_TUNING,5,UNSW,router,router,motion_sensor,0
271,200148,PROMPT_TUNING,5,UNSW,router,router,mobile,0
272,203497,PROMPT_TUNING,5,UNSW,router,router,speaker,0
273,204096,PROMPT_TUNING,5,UNSW,router,router,camera,0
274,205771,PROMPT_TUNING,5,UNSW,motion_sensor,motion_sensor,camera,0
275,207248,PROMPT_TUNING,5,UNSW,switch,switch,motion_sensor,0
276,207693,PROMPT_TUNING,5,UNSW,printer,printer,switch,0
277,207876,PROMPT_TUNING,5,UNSW,switch,switch,speaker,0
278,208511,PROMPT_TUNING,5,UNSW,router,router,router,1
279,211886,PROMPT_TUNING,5,UNSW,camera,camera,camera,1
280,213457,PROMPT_TUNING,5,UNSW,router,router,mobile,0
281,215668,PROMPT_TUNING,5,UNSW,motion_sensor,motion_sensor,camera,0
282,215701,PROMPT_TUNING,5,UNSW,motion_sensor,motion_sensor,motion_sensor,1
283,215849,PROMPT_TUNING,5,UNSW,router,router,mobile,0
284,216784,PROMPT_TUNING,5,UNSW,motion_sensor,motion_sensor,camera,0
285,217748,PROMPT_TUNING,5,UNSW,router,router,speaker,0
286,217819,PROMPT_TUNING,5,UNSW,speaker,speaker,mobile,0
287,219579,PROMPT_TUNING,5,UNSW,bulb,bulb,switch,0
288,219825,PROMPT_TUNING,5,UNSW,switch,switch,motion_sensor,0
289,220361,PROMPT_TUNING,5,UNSW,switch,switch,switch,1
290,222234,PROMPT_TUNING,5,UNSW,bulb,bulb,camera,0
291,222717,PROMPT_TUNING,5,UNSW,router,router,router,1
292,222800,PROMPT_TUNING,5,UNSW,printer,printer,speaker,0
293,222996,PROMPT_TUNING,5,UNSW,switch,switch,motion_sensor,0
294,223322,PROMPT_TUNING,5,UNSW,switch,switch,speaker,0
295,223915,PROMPT_TUNING,5,UNSW,switch,switch,motion_sensor,0
296,224461,PROMPT_TUNING,5,UNSW,switch,switch,mobile,0
297,226227,PROMPT_TUNING,5,UNSW,router,router,camera,0
298,226837,PROMPT_TUNING,5,UNSW,router,router,camera,0
299,227918,PROMPT_TUNING,5,UNSW,router,router,camera,0
300,228414,PROMPT_TUNING,5,UNSW,camera,camera,camera,1
301,228440,PROMPT_TUNING,5,UNSW,switch,switch,motion_sensor,0
302,230027,PROMPT_TUNING,5,UNSW,router,router,router,1
303,231222,PROMPT_TUNING,5,UNSW,switch,switch,switch,1
304,231280,PROMPT_TUNING,5,UNSW,switch,switch,switch,1
305,231298,PROMPT_TUNING,5,UNSW,router,router,switch,0
306,231323,PROMPT_TUNING,5,UNSW,camera,camera,camera,1
307,231823,PROMPT_TUNING,5,UNSW,motion_sensor,motion_sensor,motion_sensor,1
308,233766,PROMPT_TUNING,5,UNSW,speaker,speaker,speaker,1
309,235406,PROMPT_TUNING,5,UNSW,switch,switch,computer,0
310,235839,PROMPT_TUNING,5,UNSW,motion_sensor,motion_sensor,computer,0
311,236103,PROMPT_TUNING,5,UNSW,switch,switch,computer,0
312,236288,PROMPT_TUNING,5,UNSW,motion_sensor,motion_sensor,computer,0
313,236395,PROMPT_TUNING,5,UNSW,motion_sensor,motion_sensor,computer,0
314,236479,PROMPT_TUNING,5,UNSW,router,router,computer,0
315,236530,PROMPT_TUNING,5,UNSW,router,router,computer,0
316,236653,PROMPT_TUNING,5,UNSW,mobile,mobile,camera,0
317,236714,PROMPT_TUNING,5,UNSW,router,router,computer,0
318,237459,PROMPT_TUNING,5,UNSW,switch,switch,computer,0
319,237834,PROMPT_TUNING,5,UNSW,bulb,bulb,computer,0
320,237856,PROMPT_TUNING,5,UNSW,motion_sensor,motion_sensor,computer,0
321,238084,PROMPT_TUNING,5,UNSW,mobile,mobile,camera,0
322,238433,PROMPT_TUNING,5,UNSW,camera,camera,computer,0
323,238611,PROMPT_TUNING,5,UNSW,switch,switch,computer,0
324,238705,PROMPT_TUNING,5,UNSW,switch,switch,computer,0
325,238710,PROMPT_TUNING,5,UNSW,switch,switch,computer,0
326,238859,PROMPT_TUNING,5,UNSW,computer,computer,computer,1
327,239312,PROMPT_TUNING,5,UNSW,speaker,speaker,computer,0
328,239423,PROMPT_TUNING,5,UNSW,printer,printer,computer,0
329,239486,PROMPT_TUNING,5,UNSW,mobile,mobile,computer,0
330,239748,PROMPT_TUNING,5,UNSW,The type of this device is computer.,computer,computer,1
331,240661,PROMPT_TUNING,5,UNSW,router,router,mobile,0
332,241793,PROMPT_TUNING,5,UNSW,camera,camera,router,0
333,242067,PROMPT_TUNING,5,UNSW,router,router,mobile,0
334,242190,PROMPT_TUNING,5,UNSW,motion_sensor,motion_sensor,camera,0
335,243160,PROMPT_TUNING,5,UNSW,router,router,camera,0
336,243226,PROMPT_TUNING,5,UNSW,router,router,speaker,0
337,243570,PROMPT_TUNING,5,UNSW,switch,switch,motion_sensor,0
338,243697,PROMPT_TUNING,5,UNSW,router,router,speaker,0
339,243775,PROMPT_TUNING,5,UNSW,switch,switch,mobile,0
340,244909,PROMPT_TUNING,5,UNSW,switch,switch,router,0
341,247422,PROMPT_TUNING,5,UNSW,router,router,mobile,0
342,247543,PROMPT_TUNING,5,UNSW,speaker,speaker,mobile,0
343,248301,PROMPT_TUNING,5,UNSW,router,router,mobile,0
344,248816,PROMPT_TUNING,5,UNSW,switch,switch,motion_sensor,0
345,250143,PROMPT_TUNING,5,UNSW,switch,switch,mobile,0
346,251553,PROMPT_TUNING,5,UNSW,mobile,mobile,camera,0
347,252075,PROMPT_TUNING,5,UNSW,router,router,camera,0
348,253547,PROMPT_TUNING,5,UNSW,printer,printer,printer,1
349,253800,PROMPT_TUNING,5,UNSW,router,router,router,1
350,254264,PROMPT_TUNING,5,UNSW,router,router,camera,0
351,254900,PROMPT_TUNING,5,UNSW,motion_sensor,motion_sensor,speaker,0
352,255877,PROMPT_TUNING,5,UNSW,switch,switch,motion_sensor,0
353,257495,PROMPT_TUNING,5,UNSW,router,router,camera,0
354,257542,PROMPT_TUNING,5,UNSW,motion_sensor,motion_sensor,motion_sensor,1
355,259853,PROMPT_TUNING,5,UNSW,router,router,mobile,0
356,260582,PROMPT_TUNING,5,UNSW,switch,switch,mobile,0
357,261022,PROMPT_TUNING,5,UNSW,printer,printer,printer,1
358,261192,PROMPT_TUNING,5,UNSW,router,router,speaker,0
359,261582,PROMPT_TUNING,5,UNSW,motion_sensor,motion_sensor,router,0
360,261796,PROMPT_TUNING,5,UNSW,camera,camera,camera,1
361,262729,PROMPT_TUNING,5,UNSW,router,router,mobile,0
362,263237,PROMPT_TUNING,5,UNSW,motion_sensor,motion_sensor,motion_sensor,1
363,263300,PROMPT_TUNING,5,UNSW,motion_sensor,motion_sensor,camera,0
364,264102,PROMPT_TUNING,5,UNSW,switch,switch,mobile,0
365,264159,PROMPT_TUNING,5,UNSW,router,router,camera,0
366,265943,PROMPT_TUNING,5,UNSW,switch,switch,camera,0
367,266103,PROMPT_TUNING,5,UNSW,router,router,switch,0
368,267212,PROMPT_TUNING,5,UNSW,router,router,camera,0
369,269576,PROMPT_TUNING,5,UNSW,printer,printer,mobile,0
370,271677,PROMPT_TUNING,5,UNSW,mobile,mobile,mobile,1
371,273180,PROMPT_TUNING,5,UNSW,motion_sensor,motion_sensor,router,0
372,273617,PROMPT_TUNING,5,UNSW,bulb,bulb,camera,0
373,275161,PROMPT_TUNING,5,UNSW,switch,switch,router,0
374,276362,PROMPT_TUNING,5,UNSW,speaker,speaker,speaker,1
375,277678,PROMPT_TUNING,5,UNSW,router,router,mobile,0
376,277804,PROMPT_TUNING,5,UNSW,speaker,speaker,mobile,0
377,279100,PROMPT_TUNING,5,UNSW,switch,switch,mobile,0
378,279449,PROMPT_TUNING,5,UNSW,camera,camera,camera,1
379,280052,PROMPT_TUNING,5,UNSW,switch,switch,mobile,0
380,280274,PROMPT_TUNING,5,UNSW,computer,computer,mobile,0
381,281207,PROMPT_TUNING,5,UNSW,router,router,computer,0
382,281237,PROMPT_TUNING,5,UNSW,motion_sensor,motion_sensor,computer,0
383,281571,PROMPT_TUNING,5,UNSW,router,router,camera,0
384,281999,PROMPT_TUNING,5,UNSW,printer,printer,computer,0
385,282190,PROMPT_TUNING,5,UNSW,camera,camera,computer,0
386,282495,PROMPT_TUNING,5,UNSW,router,router,camera,0
387,282667,PROMPT_TUNING,5,UNSW,switch,switch,camera,0
388,282890,PROMPT_TUNING,5,UNSW,switch,switch,computer,0
389,283468,PROMPT_TUNING,5,UNSW,router,router,router,1
390,283690,PROMPT_TUNING,5,UNSW,motion_sensor,motion_sensor,computer,0
391,283802,PROMPT_TUNING,5,UNSW,switch,switch,computer,0
392,285198,PROMPT_TUNING,5,UNSW,router,router,computer,0
393,285229,PROMPT_TUNING,5,UNSW,switch,switch,computer,0
394,285613,PROMPT_TUNING,5,UNSW,mobile,mobile,computer,0
395,285706,PROMPT_TUNING,5,UNSW,motion_sensor,motion_sensor,computer,0
396,285749,PROMPT_TUNING,5,UNSW,switch,switch,computer,0
397,285864,PROMPT_TUNING,5,UNSW,router,router,computer,0
398,285957,PROMPT_TUNING,5,UNSW,switch,switch,computer,0
399,286159,PROMPT_TUNING,5,UNSW,camera,camera,computer,0
400,286299,PROMPT_TUNING,5,UNSW,router,router,computer,0
401,286445,PROMPT_TUNING,5,UNSW,router,router,computer,0
402,286867,PROMPT_TUNING,5,UNSW,bulb,bulb,computer,0
403,287058,PROMPT_TUNING,5,UNSW,motion_sensor,motion_sensor,computer,0
404,287208,PROMPT_TUNING,5,UNSW,router,router,computer,0
405,287365,PROMPT_TUNING,5,UNSW,speaker,speaker,computer,0
406,287887,PROMPT_TUNING,5,UNSW,switch,switch,computer,0
407,287898,PROMPT_TUNING,5,UNSW,switch,switch,computer,0
408,288065,PROMPT_TUNING,5,UNSW,router,router,computer,0
409,288069,PROMPT_TUNING,5,UNSW,mobile,mobile,mobile,1
410,288398,PROMPT_TUNING,5,UNSW,router,router,computer,0
411,289233,PROMPT_TUNING,5,UNSW,router,router,computer,0
412,289582,PROMPT_TUNING,5,UNSW,motion_sensor,motion_sensor,computer,0
413,289846,PROMPT_TUNING,5,UNSW,switch,switch,computer,0
414,289940,PROMPT_TUNING,5,UNSW,motion_sensor,motion_sensor,computer,0
415,290224,PROMPT_TUNING,5,UNSW,switch,switch,computer,0
416,290306,PROMPT_TUNING,5,UNSW,switch,switch,computer,0
417,290481,PROMPT_TUNING,5,UNSW,motion_sensor,motion_sensor,computer,0
418,290684,PROMPT_TUNING,5,UNSW,switch,switch,computer,0
419,290852,PROMPT_TUNING,5,UNSW,motion_sensor,motion_sensor,computer,0
420,291283,PROMPT_TUNING,5,UNSW,bulb,bulb,computer,0
421,291358,PROMPT_TUNING,5,UNSW,bulb,bulb,computer,0
422,291437,PROMPT_TUNING,5,UNSW,motion_sensor,motion_sensor,computer,0
423,291490,PROMPT_TUNING,5,UNSW,router,router,computer,0
424,291953,PROMPT_TUNING,5,UNSW,motion_sensor,motion_sensor,computer,0
425,292825,PROMPT_TUNING,5,UNSW,router,router,computer,0
426,293248,PROMPT_TUNING,5,UNSW,router,router,computer,0
427,294018,PROMPT_TUNING,5,UNSW,router,router,computer,0
428,294059,PROMPT_TUNING,5,UNSW,motion_sensor,motion_sensor,computer,0
429,294061,PROMPT_TUNING,5,UNSW,switch,switch,computer,0
430,294159,PROMPT_TUNING,5,UNSW,router,router,computer,0
431,294509,PROMPT_TUNING,5,UNSW,switch,switch,computer,0
432,295445,PROMPT_TUNING,5,UNSW,router,router,computer,0
433,295504,PROMPT_TUNING,5,UNSW,switch,switch,computer,0
434,297160,PROMPT_TUNING,5,UNSW,router,router,computer,0
435,298476,PROMPT_TUNING,5,UNSW,motion_sensor,motion_sensor,computer,0
436,298705,PROMPT_TUNING,5,UNSW,switch,switch,camera,0
437,298938,PROMPT_TUNING,5,UNSW,switch,switch,computer,0
438,299016,PROMPT_TUNING,5,UNSW,router,router,computer,0
439,299243,PROMPT_TUNING,5,UNSW,switch,switch,computer,0
440,299349,PROMPT_TUNING,5,UNSW,router,router,computer,0
441,299499,PROMPT_TUNING,5,UNSW,bulb,bulb,computer,0
442,299773,PROMPT_TUNING,5,UNSW,router,router,computer,0
443,299934,PROMPT_TUNING,5,UNSW,motion_sensor,motion_sensor,computer,0
444,299946,PROMPT_TUNING,5,UNSW,switch,switch,computer,0
445,300082,PROMPT_TUNING,5,UNSW,router,router,computer,0
446,300257,PROMPT_TUNING,5,UNSW,router,router,computer,0
447,300308,PROMPT_TUNING,5,UNSW,router,router,computer,0
448,300487,PROMPT_TUNING,5,UNSW,camera,camera,computer,0
449,300655,PROMPT_TUNING,5,UNSW,router,router,computer,0
450,300685,PROMPT_TUNING,5,UNSW,printer,printer,computer,0
451,300876,PROMPT_TUNING,5,UNSW,router,router,camera,0
452,301461,PROMPT_TUNING,5,UNSW,router,router,computer,0
453,302248,PROMPT_TUNING,5,UNSW,router,router,computer,0
454,302296,PROMPT_TUNING,5,UNSW,router,router,router,1
455,302754,PROMPT_TUNING,5,UNSW,router,router,camera,0
456,303215,PROMPT_TUNING,5,UNSW,motion_sensor,motion_sensor,computer,0
457,303378,PROMPT_TUNING,5,UNSW,switch,switch,computer,0
458,303495,PROMPT_TUNING,5,UNSW,motion_sensor,motion_sensor,motion_sensor,1
459,304367,PROMPT_TUNING,5,UNSW,motion_sensor,motion_sensor,computer,0
460,304916,PROMPT_TUNING,5,UNSW,speaker,speaker,computer,0
461,305728,PROMPT_TUNING,5,UNSW,motion_sensor,motion_sensor,computer,0
462,306747,PROMPT_TUNING,5,UNSW,bulb,bulb,motion_sensor,0
463,307497,PROMPT_TUNING,5,UNSW,router,router,camera,0
464,307970,PROMPT_TUNING,5,UNSW,printer,printer,printer,1
465,308389,PROMPT_TUNING,5,UNSW,switch,switch,motion_sensor,0
466,308476,PROMPT_TUNING,5,UNSW,switch,switch,motion_sensor,0
467,308537,PROMPT_TUNING,5,UNSW,switch,switch,motion_sensor,0
468,310215,PROMPT_TUNING,5,UNSW,router,router,router,1
469,310891,PROMPT_TUNING,5,UNSW,switch,switch,motion_sensor,0
470,313872,PROMPT_TUNING,5,UNSW,router,router,camera,0
471,314486,PROMPT_TUNING,5,UNSW,switch,switch,motion_sensor,0
472,314979,PROMPT_TUNING,5,UNSW,switch,switch,motion_sensor,0
473,316016,PROMPT_TUNING,5,UNSW,router,router,camera,0
474,317510,PROMPT_TUNING,5,UNSW,switch,switch,speaker,0
475,317908,PROMPT_TUNING,5,UNSW,router,router,camera,0
476,318734,PROMPT_TUNING,5,UNSW,printer,printer,camera,0
477,318913,PROMPT_TUNING,5,UNSW,motion_sensor,motion_sensor,bulb,0
478,320644,PROMPT_TUNING,5,UNSW,bulb,bulb,camera,0
479,320704,PROMPT_TUNING,5,UNSW,The type of the given device is speaker.,speaker,speaker,1
480,321742,PROMPT_TUNING,5,UNSW,camera,camera,camera,1
481,322800,PROMPT_TUNING,5,UNSW,router,router,speaker,0
482,323063,PROMPT_TUNING,5,UNSW,switch,switch,camera,0
483,323918,PROMPT_TUNING,5,UNSW,motion_sensor,motion_sensor,speaker,0
484,324373,PROMPT_TUNING,5,UNSW,router,router,router,1
485,326096,PROMPT_TUNING,5,UNSW,router,router,camera,0
486,326564,PROMPT_TUNING,5,UNSW,router,router,camera,0
487,326948,PROMPT_TUNING,5,UNSW,switch,switch,computer,0
488,326996,PROMPT_TUNING,5,UNSW,switch,switch,computer,0
489,327073,PROMPT_TUNING,5,UNSW,motion_sensor,motion_sensor,motion_sensor,1
490,327200,PROMPT_TUNING,5,UNSW,mobile,mobile,mobile,1
491,327316,PROMPT_TUNING,5,UNSW,switch,switch,computer,0
492,327722,PROMPT_TUNING,5,UNSW,motion_sensor,motion_sensor,computer,0
493,328132,PROMPT_TUNING,5,UNSW,switch,switch,computer,0
494,328856,PROMPT_TUNING,5,UNSW,switch,switch,computer,0
495,328883,PROMPT_TUNING,5,UNSW,switch,switch,motion_sensor,0
496,329545,PROMPT_TUNING,5,UNSW,router,router,computer,0
497,330632,PROMPT_TUNING,5,UNSW,router,router,computer,0
498,331354,PROMPT_TUNING,5,UNSW,printer,printer,computer,0
499,331881,PROMPT_TUNING,5,UNSW,motion_sensor,motion_sensor,mobile,0
500,332008,PROMPT_TUNING,5,UNSW,router,router,motion_sensor,0
501,332841,PROMPT_TUNING,5,UNSW,printer,printer,motion_sensor,0
502,333436,PROMPT_TUNING,5,UNSW,motion_sensor,motion_sensor,router,0
503,334028,PROMPT_TUNING,5,UNSW,switch,switch,motion_sensor,0
504,335521,PROMPT_TUNING,5,UNSW,camera,camera,mobile,0
505,337771,PROMPT_TUNING,5,UNSW,mobile,mobile,mobile,1
506,338651,PROMPT_TUNING,5,UNSW,router,router,mobile,0
507,342061,PROMPT_TUNING,5,UNSW,router,router,camera,0
508,342397,PROMPT_TUNING,5,UNSW,switch,switch,motion_sensor,0
509,345904,PROMPT_TUNING,5,UNSW,switch,switch,router,0
510,347228,PROMPT_TUNING,5,UNSW,router,router,motion_sensor,0
511,347557,PROMPT_TUNING,5,UNSW,switch,switch,motion_sensor,0
512,348799,PROMPT_TUNING,5,UNSW,bulb,bulb,motion_sensor,0
513,348944,PROMPT_TUNING,5,UNSW,router,router,speaker,0
514,349595,PROMPT_TUNING,5,UNSW,router,router,camera,0
515,349818,PROMPT_TUNING,5,UNSW,printer,printer,switch,0
516,350247,PROMPT_TUNING,5,UNSW,router,router,router,1
517,350590,PROMPT_TUNING,5,UNSW,switch,switch,motion_sensor,0
518,351322,PROMPT_TUNING,5,UNSW,speaker,speaker,speaker,1
519,351355,PROMPT_TUNING,5,UNSW,router,router,router,1
520,352278,PROMPT_TUNING,5,UNSW,motion_sensor,motion_sensor,motion_sensor,1
521,352921,PROMPT_TUNING,5,UNSW,router,router,mobile,0
522,353458,PROMPT_TUNING,5,UNSW,router,router,router,1
523,353536,PROMPT_TUNING,5,UNSW,switch,switch,motion_sensor,0
524,353956,PROMPT_TUNING,5,UNSW,motion_sensor,motion_sensor,computer,0
525,353959,PROMPT_TUNING,5,UNSW,motion_sensor,motion_sensor,computer,0
526,354278,PROMPT_TUNING,5,UNSW,switch,switch,motion_sensor,0
527,354650,PROMPT_TUNING,5,UNSW,camera,camera,mobile,0
528,354825,PROMPT_TUNING,5,UNSW,motion_sensor,motion_sensor,computer,0
529,355196,PROMPT_TUNING,5,UNSW,switch,switch,switch,1
530,356158,PROMPT_TUNING,5,UNSW,router,router,router,1
531,356285,PROMPT_TUNING,5,UNSW,switch,switch,computer,0
532,356468,PROMPT_TUNING,5,UNSW,router,router,computer,0
533,356747,PROMPT_TUNING,5,UNSW,router,router,router,1
534,357044,PROMPT_TUNING,5,UNSW,motion_sensor,motion_sensor,computer,0
535,357719,PROMPT_TUNING,5,UNSW,switch,switch,computer,0
536,357745,PROMPT_TUNING,5,UNSW,speaker,speaker,mobile,0
537,358146,PROMPT_TUNING,5,UNSW,router,router,computer,0
538,358387,PROMPT_TUNING,5,UNSW,switch,switch,computer,0
539,358585,PROMPT_TUNING,5,UNSW,switch,switch,router,0
540,358918,PROMPT_TUNING,5,UNSW,switch,switch,computer,0
541,359163,PROMPT_TUNING,5,UNSW,router,router,computer,0
542,359226,PROMPT_TUNING,5,UNSW,router,router,computer,0
543,359285,PROMPT_TUNING,5,UNSW,motion_sensor,motion_sensor,computer,0
544,359755,PROMPT_TUNING,5,UNSW,motion_sensor,motion_sensor,computer,0
545,359853,PROMPT_TUNING,5,UNSW,switch,switch,router,0
546,361450,PROMPT_TUNING,5,UNSW,switch,switch,computer,0
547,362190,PROMPT_TUNING,5,UNSW,router,router,computer,0
548,362402,PROMPT_TUNING,5,UNSW,router,router,computer,0
549,362509,PROMPT_TUNING,5,UNSW,router,router,computer,0
550,363090,PROMPT_TUNING,5,UNSW,motion_sensor,motion_sensor,mobile,0
551,363251,PROMPT_TUNING,5,UNSW,router,router,router,1
552,363318,PROMPT_TUNING,5,UNSW,switch,switch,computer,0
553,363776,PROMPT_TUNING,5,UNSW,router,router,mobile,0
554,364292,PROMPT_TUNING,5,UNSW,router,router,computer,0
555,365111,PROMPT_TUNING,5,UNSW,switch,switch,motion_sensor,0
556,366468,PROMPT_TUNING,5,UNSW,switch,switch,motion_sensor,0
557,366730,PROMPT_TUNING,5,UNSW,printer,printer,motion_sensor,0
558,366947,PROMPT_TUNING,5,UNSW,switch,switch,switch,1
559,367643,PROMPT_TUNING,5,UNSW,switch,switch,camera,0
560,374078,PROMPT_TUNING,5,UNSW,router,router,camera,0
561,374951,PROMPT_TUNING,5,UNSW,router,router,speaker,0
562,375141,PROMPT_TUNING,5,UNSW,switch,switch,switch,1
563,376817,PROMPT_TUNING,5,UNSW,router,router,camera,0
564,380356,PROMPT_TUNING,5,UNSW,switch,switch,motion_sensor,0
565,381248,PROMPT_TUNING,5,UNSW,camera,camera,speaker,0
566,381518,PROMPT_TUNING,5,UNSW,motion_sensor,motion_sensor,camera,0
567,383530,PROMPT_TUNING,5,UNSW,motion_sensor,motion_sensor,motion_sensor,1
568,387785,PROMPT_TUNING,5,UNSW,switch,switch,motion_sensor,0
569,387864,PROMPT_TUNING,5,UNSW,switch,switch,motion_sensor,0
570,388308,PROMPT_TUNING,5,UNSW,router,router,camera,0
571,388949,PROMPT_TUNING,5,UNSW,bulb,bulb,bulb,1
572,393634,PROMPT_TUNING,5,UNSW,router,router,router,1
573,393690,PROMPT_TUNING,5,UNSW,switch,switch,motion_sensor,0
574,395906,PROMPT_TUNING,5,UNSW,switch,switch,speaker,0
575,395927,PROMPT_TUNING,5,UNSW,switch,switch,speaker,0
576,397709,PROMPT_TUNING,5,UNSW,switch,switch,camera,0
577,398121,PROMPT_TUNING,5,UNSW,switch,switch,switch,1
578,398127,PROMPT_TUNING,5,UNSW,switch,switch,motion_sensor,0
579,398477,PROMPT_TUNING,5,UNSW,The type of this device is printer.,printer,motion_sensor,0
580,398605,PROMPT_TUNING,5,UNSW,printer,printer,printer,1
581,402472,PROMPT_TUNING,5,UNSW,router,router,router,1
582,403192,PROMPT_TUNING,5,UNSW,switch,switch,motion_sensor,0
583,403751,PROMPT_TUNING,5,UNSW,switch,switch,motion_sensor,0
584,405525,PROMPT_TUNING,5,UNSW,bulb,bulb,bulb,1
585,407588,PROMPT_TUNING,5,UNSW,bulb,bulb,motion_sensor,0
586,409551,PROMPT_TUNING,5,UNSW,camera,camera,camera,1
587,410269,PROMPT_TUNING,5,UNSW,switch,switch,switch,1
588,410355,PROMPT_TUNING,5,UNSW,printer,printer,camera,0
589,410740,PROMPT_TUNING,5,UNSW,motion_sensor,motion_sensor,camera,0
590,411019,PROMPT_TUNING,5,UNSW,switch,switch,switch,1
591,412311,PROMPT_TUNING,5,UNSW,router,router,camera,0
592,413648,PROMPT_TUNING,5,UNSW,motion_sensor,motion_sensor,motion_sensor,1
593,415337,PROMPT_TUNING,5,UNSW,switch,switch,motion_sensor,0
594,416406,PROMPT_TUNING,5,UNSW,motion_sensor,motion_sensor,speaker,0
595,417259,PROMPT_TUNING,5,UNSW,speaker,speaker,speaker,1
596,418677,PROMPT_TUNING,5,UNSW,printer,printer,printer,1
597,419374,PROMPT_TUNING,5,UNSW,router,router,camera,0
598,420650,PROMPT_TUNING,5,UNSW,switch,switch,motion_sensor,0
599,422066,PROMPT_TUNING,5,UNSW,switch,switch,switch,1
600,424099,PROMPT_TUNING,5,UNSW,switch,switch,motion_sensor,0
601,427266,PROMPT_TUNING,5,UNSW,camera,camera,mobile,0
602,428029,PROMPT_TUNING,5,UNSW,switch,switch,mobile,0
603,428963,PROMPT_TUNING,5,UNSW,router,router,motion_sensor,0
604,430741,PROMPT_TUNING,5,UNSW,switch,switch,motion_sensor,0
605,436490,PROMPT_TUNING,5,UNSW,printer,printer,switch,0
606,438303,PROMPT_TUNING,5,UNSW,router,router,mobile,0
607,441639,PROMPT_TUNING,5,UNSW,camera,camera,camera,1
608,444935,PROMPT_TUNING,5,UNSW,printer,printer,switch,0
609,452602,PROMPT_TUNING,5,UNSW,router,router,router,1
610,452911,PROMPT_TUNING,5,UNSW,router,router,router,1
611,453673,PROMPT_TUNING,5,UNSW,router,router,camera,0
612,456308,PROMPT_TUNING,5,UNSW,printer,printer,switch,0
613,457785,PROMPT_TUNING,5,UNSW,router,router,router,1
614,459062,PROMPT_TUNING,5,UNSW,printer,printer,printer,1
615,460858,PROMPT_TUNING,5,UNSW,printer,printer,printer,1
616,464550,PROMPT_TUNING,5,UNSW,router,router,router,1
617,467008,PROMPT_TUNING,5,UNSW,camera,camera,mobile,0
618,467160,PROMPT_TUNING,5,UNSW,router,router,mobile,0
619,469715,PROMPT_TUNING,5,UNSW,motion_sensor,motion_sensor,camera,0
620,470278,PROMPT_TUNING,5,UNSW,switch,switch,camera,0
621,472610,PROMPT_TUNING,5,UNSW,router,router,camera,0
622,472897,PROMPT_TUNING,5,UNSW,motion_sensor,motion_sensor,router,0
623,474031,PROMPT_TUNING,5,UNSW,motion_sensor,motion_sensor,camera,0
624,474333,PROMPT_TUNING,5,UNSW,switch,switch,router,0
625,474552,PROMPT_TUNING,5,UNSW,switch,switch,switch,1
626,476336,PROMPT_TUNING,5,UNSW,router,router,camera,0
627,476780,PROMPT_TUNING,5,UNSW,router,router,camera,0
628,477133,PROMPT_TUNING,5,UNSW,router,router,camera,0
629,479709,PROMPT_TUNING,5,UNSW,printer,printer,camera,0
630,480730,PROMPT_TUNING,5,UNSW,switch,switch,speaker,0
631,485327,PROMPT_TUNING,5,UNSW,router,router,router,1
632,485597,PROMPT_TUNING,5,UNSW,router,router,speaker,0
633,485645,PROMPT_TUNING,5,UNSW,speaker,speaker,speaker,1
634,485757,PROMPT_TUNING,5,UNSW,router,router,speaker,0
635,486039,PROMPT_TUNING,5,UNSW,mobile,mobile,mobile,1
636,486582,PROMPT_TUNING,5,UNSW,switch,switch,switch,1
637,493359,PROMPT_TUNING,5,UNSW,router,router,speaker,0
638,493508,PROMPT_TUNING,5,UNSW,router,router,router,1
639,494520,PROMPT_TUNING,5,UNSW,router,router,camera,0
640,495780,PROMPT_TUNING,5,UNSW,motion_sensor,motion_sensor,motion_sensor,1
641,499967,PROMPT_TUNING,5,UNSW,switch,switch,motion_sensor,0
642,500184,PROMPT_TUNING,5,UNSW,router,router,router,1
643,503986,PROMPT_TUNING,5,UNSW,motion_sensor,motion_sensor,motion_sensor,1
644,505284,PROMPT_TUNING,5,UNSW,router,router,camera,0
645,505348,PROMPT_TUNING,5,UNSW,camera,camera,mobile,0
646,505972,PROMPT_TUNING,5,UNSW,router,router,camera,0
647,507564,PROMPT_TUNING,5,UNSW,switch,switch,computer,0
648,508669,PROMPT_TUNING,5,UNSW,router,router,speaker,0
649,509417,PROMPT_TUNING,5,UNSW,router,router,computer,0
650,509751,PROMPT_TUNING,5,UNSW,router,router,printer,0
651,509847,PROMPT_TUNING,5,UNSW,printer,printer,computer,0
652,510653,PROMPT_TUNING,5,UNSW,speaker,speaker,computer,0
653,510699,PROMPT_TUNING,5,UNSW,router,router,computer,0
654,511155,PROMPT_TUNING,5,UNSW,computer,computer,computer,1
655,512283,PROMPT_TUNING,5,UNSW,router,router,computer,0
656,512924,PROMPT_TUNING,5,UNSW,router,router,computer,0
657,513476,PROMPT_TUNING,5,UNSW,router,router,computer,0
658,514024,PROMPT_TUNING,5,UNSW,switch,switch,computer,0
659,515597,PROMPT_TUNING,5,UNSW,switch,switch,speaker,0
660,520965,PROMPT_TUNING,5,UNSW,router,router,router,1
661,522007,PROMPT_TUNING,5,UNSW,router,router,router,1
662,529560,PROMPT_TUNING,5,UNSW,camera,camera,mobile,0
663,530188,PROMPT_TUNING,5,UNSW,switch,switch,camera,0
664,533037,PROMPT_TUNING,5,UNSW,camera,camera,camera,1
665,533685,PROMPT_TUNING,5,UNSW,switch,switch,camera,0
666,534698,PROMPT_TUNING,5,UNSW,switch,switch,speaker,0
667,536027,PROMPT_TUNING,5,UNSW,switch,switch,switch,1
668,539069,PROMPT_TUNING,5,UNSW,router,router,router,1
669,539169,PROMPT_TUNING,5,UNSW,motion_sensor,motion_sensor,motion_sensor,1
670,539481,PROMPT_TUNING,5,UNSW,bulb,bulb,speaker,0
671,540487,PROMPT_TUNING,5,UNSW,motion_sensor,motion_sensor,motion_sensor,1
672,541559,PROMPT_TUNING,5,UNSW,router,router,router,1
673,541811,PROMPT_TUNING,5,UNSW,router,router,switch,0
674,543595,PROMPT_TUNING,5,UNSW,motion_sensor,motion_sensor,motion_sensor,1
675,543637,PROMPT_TUNING,5,UNSW,motion_sensor,motion_sensor,motion_sensor,1
676,546289,PROMPT_TUNING,5,UNSW,switch,switch,speaker,0
677,548313,PROMPT_TUNING,5,UNSW,switch,switch,motion_sensor,0
678,550392,PROMPT_TUNING,5,UNSW,router,router,camera,0
679,551568,PROMPT_TUNING,5,UNSW,switch,switch,speaker,0
680,555643,PROMPT_TUNING,5,UNSW,switch,switch,motion_sensor,0
681,556115,PROMPT_TUNING,5,UNSW,router,router,speaker,0
682,556295,PROMPT_TUNING,5,UNSW,router,router,mobile,0
683,557463,PROMPT_TUNING,5,UNSW,printer,printer,switch,0
684,559682,PROMPT_TUNING,5,UNSW,switch,switch,camera,0
685,560413,PROMPT_TUNING,5,UNSW,router,router,camera,0
686,562310,PROMPT_TUNING,5,UNSW,router,router,camera,0
687,562467,PROMPT_TUNING,5,UNSW,router,router,camera,0
688,564089,PROMPT_TUNING,5,UNSW,switch,switch,motion_sensor,0
689,566936,PROMPT_TUNING,5,UNSW,printer,printer,motion_sensor,0
690,567229,PROMPT_TUNING,5,UNSW,switch,switch,camera,0
691,567588,PROMPT_TUNING,5,UNSW,router,router,router,1
692,569810,PROMPT_TUNING,5,UNSW,motion_sensor,motion_sensor,camera,0
693,570479,PROMPT_TUNING,5,UNSW,mobile,mobile,camera,0
694,570491,PROMPT_TUNING,5,UNSW,mobile,mobile,mobile,1
695,572832,PROMPT_TUNING,5,UNSW,router,router,camera,0
696,574501,PROMPT_TUNING,5,UNSW,motion_sensor,motion_sensor,motion_sensor,1
697,576736,PROMPT_TUNING,5,UNSW,router,router,motion_sensor,0
698,578268,PROMPT_TUNING,5,UNSW,switch,switch,speaker,0
699,579569,PROMPT_TUNING,5,UNSW,router,router,camera,0
700,581163,PROMPT_TUNING,5,UNSW,router,router,camera,0
701,585495,PROMPT_TUNING,5,UNSW,bulb,bulb,switch,0
702,586806,PROMPT_TUNING,5,UNSW,camera,camera,speaker,0
703,587005,PROMPT_TUNING,5,UNSW,switch,switch,camera,0
704,587113,PROMPT_TUNING,5,UNSW,switch,switch,camera,0
705,587171,PROMPT_TUNING,5,UNSW,printer,printer,motion_sensor,0
706,588086,PROMPT_TUNING,5,UNSW,router,router,router,1
707,591801,PROMPT_TUNING,5,UNSW,switch,switch,motion_sensor,0
708,592162,PROMPT_TUNING,5,UNSW,router,router,switch,0
709,593633,PROMPT_TUNING,5,UNSW,router,router,router,1
710,594024,PROMPT_TUNING,5,UNSW,router,router,switch,0
711,595089,PROMPT_TUNING,5,UNSW,motion_sensor,motion_sensor,router,0
712,596271,PROMPT_TUNING,5,UNSW,bulb,bulb,motion_sensor,0
713,596449,PROMPT_TUNING,5,UNSW,router,router,camera,0
714,597992,PROMPT_TUNING,5,UNSW,switch,switch,camera,0
715,598297,PROMPT_TUNING,5,UNSW,switch,switch,motion_sensor,0
716,599246,PROMPT_TUNING,5,UNSW,router,router,camera,0
717,600922,PROMPT_TUNING,5,UNSW,motion_sensor,motion_sensor,speaker,0
718,608309,PROMPT_TUNING,5,UNSW,printer,printer,printer,1
719,610261,PROMPT_TUNING,5,UNSW,router,router,mobile,0
720,610273,PROMPT_TUNING,5,UNSW,mobile,mobile,router,0
721,610978,PROMPT_TUNING,5,UNSW,router,router,computer,0
722,611132,PROMPT_TUNING,5,UNSW,motion_sensor,motion_sensor,computer,0
723,611857,PROMPT_TUNING,5,UNSW,router,router,mobile,0
724,612223,PROMPT_TUNING,5,UNSW,mobile,mobile,computer,0
725,612276,PROMPT_TUNING,5,UNSW,motion_sensor,motion_sensor,computer,0
726,612307,PROMPT_TUNING,5,UNSW,motion_sensor,motion_sensor,router,0
727,612577,PROMPT_TUNING,5,UNSW,mobile,mobile,mobile,1
728,612745,PROMPT_TUNING,5,UNSW,switch,switch,router,0
729,613129,PROMPT_TUNING,5,UNSW,router,router,mobile,0
730,613967,PROMPT_TUNING,5,UNSW,camera,camera,camera,1
731,615907,PROMPT_TUNING,5,UNSW,switch,switch,router,0
732,616748,PROMPT_TUNING,5,UNSW,router,router,router,1
733,618756,PROMPT_TUNING,5,UNSW,router,router,camera,0
734,619440,PROMPT_TUNING,5,UNSW,switch,switch,switch,1
735,626278,PROMPT_TUNING,5,UNSW,speaker,speaker,speaker,1
736,627258,PROMPT_TUNING,5,UNSW,The type of this device is speaker.,speaker,speaker,1
737,627906,PROMPT_TUNING,5,UNSW,router,router,router,1
738,630593,PROMPT_TUNING,5,UNSW,bulb,bulb,motion_sensor,0
739,631250,PROMPT_TUNING,5,UNSW,switch,switch,camera,0
740,631717,PROMPT_TUNING,5,UNSW,switch,switch,motion_sensor,0
741,632696,PROMPT_TUNING,5,UNSW,switch,switch,motion_sensor,0
742,632878,PROMPT_TUNING,5,UNSW,router,router,speaker,0
743,633848,PROMPT_TUNING,5,UNSW,switch,switch,mobile,0
744,642449,PROMPT_TUNING,5,UNSW,router,router,router,1
745,646920,PROMPT_TUNING,5,UNSW,router,router,router,1
746,648523,PROMPT_TUNING,5,UNSW,speaker,speaker,speaker,1
747,649562,PROMPT_TUNING,5,UNSW,switch,switch,camera,0
748,649947,PROMPT_TUNING,5,UNSW,The type of this device is printer.,printer,printer,1
749,655914,PROMPT_TUNING,5,UNSW,switch,switch,switch,1
750,656260,PROMPT_TUNING,5,UNSW,printer,printer,motion_sensor,0
751,656597,PROMPT_TUNING,5,UNSW,router,router,camera,0
752,657293,PROMPT_TUNING,5,UNSW,switch,switch,switch,1
753,657524,PROMPT_TUNING,5,UNSW,bulb,bulb,camera,0
754,658586,PROMPT_TUNING,5,UNSW,switch,switch,motion_sensor,0
755,661174,PROMPT_TUNING,5,UNSW,printer,printer,printer,1
756,661274,PROMPT_TUNING,5,UNSW,router,router,speaker,0
757,661298,PROMPT_TUNING,5,UNSW,switch,switch,motion_sensor,0
758,662618,PROMPT_TUNING,5,UNSW,motion_sensor,motion_sensor,computer,0
759,662794,PROMPT_TUNING,5,UNSW,switch,switch,computer,0
760,665740,PROMPT_TUNING,5,UNSW,switch,switch,computer,0
761,665893,PROMPT_TUNING,5,UNSW,mobile,mobile,computer,0
762,666572,PROMPT_TUNING,5,UNSW,computer,computer,computer,1
763,666654,PROMPT_TUNING,5,UNSW,computer,computer,computer,1
764,667141,PROMPT_TUNING,5,UNSW,computer,computer,computer,1
765,667145,PROMPT_TUNING,5,UNSW,bulb,bulb,computer,0
766,667695,PROMPT_TUNING,5,UNSW,motion_sensor,motion_sensor,computer,0
767,668303,PROMPT_TUNING,5,UNSW,switch,switch,computer,0
768,668386,PROMPT_TUNING,5,UNSW,computer,computer,computer,1
769,668389,PROMPT_TUNING,5,UNSW,router,router,computer,0
770,668521,PROMPT_TUNING,5,UNSW,router,router,computer,0
771,668548,PROMPT_TUNING,5,UNSW,camera,camera,computer,0
772,668620,PROMPT_TUNING,5,UNSW,computer,computer,computer,1
773,669040,PROMPT_TUNING,5,UNSW,router,router,computer,0
774,669231,PROMPT_TUNING,5,UNSW,switch,switch,switch,1
775,669421,PROMPT_TUNING,5,UNSW,motion_sensor,motion_sensor,computer,0
776,669591,PROMPT_TUNING,5,UNSW,router,router,switch,0
777,670122,PROMPT_TUNING,5,UNSW,switch,switch,computer,0
778,671008,PROMPT_TUNING,5,UNSW,bulb,bulb,mobile,0
779,671356,PROMPT_TUNING,5,UNSW,router,router,computer,0
780,671531,PROMPT_TUNING,5,UNSW,speaker,speaker,computer,0
781,671589,PROMPT_TUNING,5,UNSW,computer,computer,computer,1
782,671761,PROMPT_TUNING,5,UNSW,camera,camera,computer,0
783,671789,PROMPT_TUNING,5,UNSW,router,router,computer,0
784,671809,PROMPT_TUNING,5,UNSW,speaker,speaker,computer,0
785,672188,PROMPT_TUNING,5,UNSW,printer,printer,computer,0
786,672434,PROMPT_TUNING,5,UNSW,switch,switch,computer,0
787,672678,PROMPT_TUNING,5,UNSW,speaker,speaker,computer,0
788,673048,PROMPT_TUNING,5,UNSW,router,router,computer,0
789,673173,PROMPT_TUNING,5,UNSW,router,router,computer,0
790,673383,PROMPT_TUNING,5,UNSW,speaker,speaker,computer,0
791,673697,PROMPT_TUNING,5,UNSW,router,router,switch,0
792,674669,PROMPT_TUNING,5,UNSW,motion_sensor,motion_sensor,bulb,0
793,674837,PROMPT_TUNING,5,UNSW,motion_sensor,motion_sensor,computer,0
794,675526,PROMPT_TUNING,5,UNSW,switch,switch,motion_sensor,0
795,676286,PROMPT_TUNING,5,UNSW,switch,switch,router,0
796,676705,PROMPT_TUNING,5,UNSW,bulb,bulb,computer,0
797,677028,PROMPT_TUNING,5,UNSW,camera,camera,computer,0
798,677043,PROMPT_TUNING,5,UNSW,motion_sensor,motion_sensor,computer,0
799,678357,PROMPT_TUNING,5,UNSW,router,router,computer,0
800,679339,PROMPT_TUNING,5,UNSW,switch,switch,computer,0
801,680826,PROMPT_TUNING,5,UNSW,router,router,camera,0
802,741906,PROMPT_TUNING,5,UNSW,router,router,camera,0
803,743074,PROMPT_TUNING,5,UNSW,computer,computer,computer,1
804,744267,PROMPT_TUNING,5,UNSW,speaker,speaker,computer,0
805,744488,PROMPT_TUNING,5,UNSW,router,router,computer,0
806,744505,PROMPT_TUNING,5,UNSW,router,router,computer,0
807,745304,PROMPT_TUNING,5,UNSW,computer,computer,computer,1
808,745478,PROMPT_TUNING,5,UNSW,router,router,computer,0
809,746122,PROMPT_TUNING,5,UNSW,bulb,bulb,computer,0
810,746341,PROMPT_TUNING,5,UNSW,switch,switch,computer,0
811,746399,PROMPT_TUNING,5,UNSW,computer,computer,computer,1
812,746465,PROMPT_TUNING,5,UNSW,switch,switch,computer,0
813,746498,PROMPT_TUNING,5,UNSW,router,router,computer,0
814,746713,PROMPT_TUNING,5,UNSW,router,router,mobile,0
815,746773,PROMPT_TUNING,5,UNSW,router,router,computer,0
816,746822,PROMPT_TUNING,5,UNSW,switch,switch,computer,0
817,746872,PROMPT_TUNING,5,UNSW,switch,switch,computer,0
818,746955,PROMPT_TUNING,5,UNSW,computer,computer,computer,1
819,746995,PROMPT_TUNING,5,UNSW,mobile,mobile,computer,0
820,747001,PROMPT_TUNING,5,UNSW,router,router,computer,0
821,747502,PROMPT_TUNING,5,UNSW,bulb,bulb,computer,0
822,747641,PROMPT_TUNING,5,UNSW,router,router,computer,0
823,747761,PROMPT_TUNING,5,UNSW,mobile,mobile,computer,0
824,747783,PROMPT_TUNING,5,UNSW,computer,computer,computer,1
825,747893,PROMPT_TUNING,5,UNSW,router,router,computer,0
826,748055,PROMPT_TUNING,5,UNSW,switch,switch,computer,0
827,748060,PROMPT_TUNING,5,UNSW,camera,camera,camera,1
828,748072,PROMPT_TUNING,5,UNSW,router,router,computer,0
829,748182,PROMPT_TUNING,5,UNSW,router,router,computer,0
830,748343,PROMPT_TUNING,5,UNSW,router,router,computer,0
831,748433,PROMPT_TUNING,5,UNSW,motion_sensor,motion_sensor,computer,0
832,748435,PROMPT_TUNING,5,UNSW,switch,switch,computer,0
833,748673,PROMPT_TUNING,5,UNSW,router,router,computer,0
834,749095,PROMPT_TUNING,5,UNSW,printer,printer,computer,0
835,749138,PROMPT_TUNING,5,UNSW,computer,computer,computer,1
836,749654,PROMPT_TUNING,5,UNSW,printer,printer,computer,0
837,749858,PROMPT_TUNING,5,UNSW,router,router,computer,0
838,749872,PROMPT_TUNING,5,UNSW,computer,computer,computer,1
839,749911,PROMPT_TUNING,5,UNSW,camera,camera,computer,0
840,750128,PROMPT_TUNING,5,UNSW,router,router,computer,0
841,750464,PROMPT_TUNING,5,UNSW,switch,switch,computer,0
842,751233,PROMPT_TUNING,5,UNSW,router,router,computer,0
843,751403,PROMPT_TUNING,5,UNSW,router,router,computer,0
844,752021,PROMPT_TUNING,5,UNSW,speaker,speaker,computer,0
845,752156,PROMPT_TUNING,5,UNSW,camera,camera,computer,0
846,752445,PROMPT_TUNING,5,UNSW,motion_sensor,motion_sensor,computer,0
847,752794,PROMPT_TUNING,5,UNSW,switch,switch,mobile,0
848,754633,PROMPT_TUNING,5,UNSW,camera,camera,camera,1
849,756515,PROMPT_TUNING,5,UNSW,router,router,speaker,0
850,759808,PROMPT_TUNING,5,UNSW,motion_sensor,motion_sensor,motion_sensor,1
851,763110,PROMPT_TUNING,5,UNSW,router,router,router,1
852,764127,PROMPT_TUNING,5,UNSW,router,router,router,1
853,764206,PROMPT_TUNING,5,UNSW,router,router,camera,0
854,764477,PROMPT_TUNING,5,UNSW,motion_sensor,motion_sensor,motion_sensor,1
855,766048,PROMPT_TUNING,5,UNSW,switch,switch,motion_sensor,0
856,766717,PROMPT_TUNING,5,UNSW,router,router,speaker,0
857,768935,PROMPT_TUNING,5,UNSW,router,router,camera,0
858,769656,PROMPT_TUNING,5,UNSW,router,router,motion_sensor,0
859,771972,PROMPT_TUNING,5,UNSW,switch,switch,motion_sensor,0
860,772350,PROMPT_TUNING,5,UNSW,router,router,camera,0
861,772399,PROMPT_TUNING,5,UNSW,switch,switch,motion_sensor,0
862,773470,PROMPT_TUNING,5,UNSW,camera,camera,router,0
863,774276,PROMPT_TUNING,5,UNSW,speaker,speaker,speaker,1
864,775333,PROMPT_TUNING,5,UNSW,router,router,camera,0
865,780491,PROMPT_TUNING,5,UNSW,printer,printer,printer,1
866,780676,PROMPT_TUNING,5,UNSW,router,router,mobile,0
867,780993,PROMPT_TUNING,5,UNSW,motion_sensor,motion_sensor,computer,0
868,781447,PROMPT_TUNING,5,UNSW,motion_sensor,motion_sensor,computer,0
869,781977,PROMPT_TUNING,5,UNSW,router,router,mobile,0
870,782917,PROMPT_TUNING,5,UNSW,switch,switch,computer,0
871,783236,PROMPT_TUNING,5,UNSW,switch,switch,mobile,0
872,783240,PROMPT_TUNING,5,UNSW,switch,switch,computer,0
873,783346,PROMPT_TUNING,5,UNSW,router,router,computer,0
874,783406,PROMPT_TUNING,5,UNSW,router,router,mobile,0
875,784476,PROMPT_TUNING,5,UNSW,router,router,computer,0
876,785325,PROMPT_TUNING,5,UNSW,switch,switch,computer,0
877,785368,PROMPT_TUNING,5,UNSW,router,router,motion_sensor,0
878,785508,PROMPT_TUNING,5,UNSW,router,router,computer,0
879,785516,PROMPT_TUNING,5,UNSW,router,router,computer,0
880,785712,PROMPT_TUNING,5,UNSW,router,router,computer,0
881,786275,PROMPT_TUNING,5,UNSW,switch,switch,mobile,0
882,786305,PROMPT_TUNING,5,UNSW,switch,switch,computer,0
883,786461,PROMPT_TUNING,5,UNSW,motion_sensor,motion_sensor,computer,0
884,786689,PROMPT_TUNING,5,UNSW,camera,camera,computer,0
885,786777,PROMPT_TUNING,5,UNSW,router,router,computer,0
886,786990,PROMPT_TUNING,5,UNSW,router,router,computer,0
887,787428,PROMPT_TUNING,5,UNSW,switch,switch,computer,0
888,787910,PROMPT_TUNING,5,UNSW,router,router,mobile,0
889,788218,PROMPT_TUNING,5,UNSW,router,router,computer,0
890,788321,PROMPT_TUNING,5,UNSW,camera,camera,mobile,0
891,788757,PROMPT_TUNING,5,UNSW,bulb,bulb,mobile,0
892,789309,PROMPT_TUNING,5,UNSW,computer,computer,computer,1
893,789606,PROMPT_TUNING,5,UNSW,router,router,computer,0
894,790180,PROMPT_TUNING,5,UNSW,camera,camera,camera,1
895,790408,PROMPT_TUNING,5,UNSW,camera,camera,mobile,0
896,792130,PROMPT_TUNING,5,UNSW,router,router,motion_sensor,0
897,792239,PROMPT_TUNING,5,UNSW,motion_sensor,motion_sensor,camera,0
898,792366,PROMPT_TUNING,5,UNSW,motion_sensor,motion_sensor,mobile,0
899,792381,PROMPT_TUNING,5,UNSW,motion_sensor,motion_sensor,mobile,0
900,792589,PROMPT_TUNING,5,UNSW,motion_sensor,motion_sensor,router,0
901,793134,PROMPT_TUNING,5,UNSW,printer,printer,switch,0
902,793554,PROMPT_TUNING,5,UNSW,router,router,router,1
903,798531,PROMPT_TUNING,5,UNSW,switch,switch,camera,0
904,799273,PROMPT_TUNING,5,UNSW,motion_sensor,motion_sensor,motion_sensor,1
905,800378,PROMPT_TUNING,5,UNSW,camera,camera,computer,0
906,800679,PROMPT_TUNING,5,UNSW,bulb,bulb,mobile,0
907,800858,PROMPT_TUNING,5,UNSW,motion_sensor,motion_sensor,speaker,0
908,801739,PROMPT_TUNING,5,UNSW,router,router,camera,0
909,802846,PROMPT_TUNING,5,UNSW,bulb,bulb,speaker,0
910,804447,PROMPT_TUNING,5,UNSW,router,router,router,1
911,806805,PROMPT_TUNING,5,UNSW,speaker,speaker,speaker,1
912,807752,PROMPT_TUNING,5,UNSW,bulb,bulb,speaker,0
913,808313,PROMPT_TUNING,5,UNSW,router,router,router,1
914,808422,PROMPT_TUNING,5,UNSW,bulb,bulb,bulb,1
915,810449,PROMPT_TUNING,5,UNSW,bulb,bulb,bulb,1
916,810772,PROMPT_TUNING,5,UNSW,router,router,motion_sensor,0
917,814017,PROMPT_TUNING,5,UNSW,router,router,camera,0
918,814850,PROMPT_TUNING,5,UNSW,switch,switch,motion_sensor,0
919,815287,PROMPT_TUNING,5,UNSW,bulb,bulb,motion_sensor,0
920,815568,PROMPT_TUNING,5,UNSW,router,router,camera,0
921,818220,PROMPT_TUNING,5,UNSW,router,router,camera,0
922,818719,PROMPT_TUNING,5,UNSW,router,router,camera,0
923,820918,PROMPT_TUNING,5,UNSW,motion_sensor,motion_sensor,motion_sensor,1
924,822262,PROMPT_TUNING,5,UNSW,printer,printer,mobile,0
925,822811,PROMPT_TUNING,5,UNSW,motion_sensor,motion_sensor,computer,0
926,826025,PROMPT_TUNING,5,UNSW,bulb,bulb,computer,0
927,826056,PROMPT_TUNING,5,UNSW,router,router,computer,0
928,826134,PROMPT_TUNING,5,UNSW,router,router,computer,0
929,826192,PROMPT_TUNING,5,UNSW,camera,camera,computer,0
930,826197,PROMPT_TUNING,5,UNSW,printer,printer,computer,0
931,826385,PROMPT_TUNING,5,UNSW,motion_sensor,motion_sensor,camera,0
932,826708,PROMPT_TUNING,5,UNSW,motion_sensor,motion_sensor,computer,0
933,828571,PROMPT_TUNING,5,UNSW,computer,computer,computer,1
934,828680,PROMPT_TUNING,5,UNSW,switch,switch,computer,0
935,828765,PROMPT_TUNING,5,UNSW,printer,printer,computer,0
936,828822,PROMPT_TUNING,5,UNSW,switch,switch,computer,0
937,828887,PROMPT_TUNING,5,UNSW,motion_sensor,motion_sensor,computer,0
938,828913,PROMPT_TUNING,5,UNSW,printer,printer,computer,0
939,829049,PROMPT_TUNING,5,UNSW,motion_sensor,motion_sensor,computer,0
940,831009,PROMPT_TUNING,5,UNSW,router,router,mobile,0
941,831065,PROMPT_TUNING,5,UNSW,router,router,router,1
942,831797,PROMPT_TUNING,5,UNSW,router,router,camera,0
943,832612,PROMPT_TUNING,5,UNSW,router,router,computer,0
944,833121,PROMPT_TUNING,5,UNSW,switch,switch,computer,0
945,833157,PROMPT_TUNING,5,UNSW,router,router,camera,0
946,833307,PROMPT_TUNING,5,UNSW,switch,switch,computer,0
947,833422,PROMPT_TUNING,5,UNSW,switch,switch,computer,0
948,834101,PROMPT_TUNING,5,UNSW,switch,switch,computer,0
949,834123,PROMPT_TUNING,5,UNSW,printer,printer,speaker,0
950,835043,PROMPT_TUNING,5,UNSW,router,router,computer,0
951,835323,PROMPT_TUNING,5,UNSW,switch,switch,mobile,0
952,835741,PROMPT_TUNING,5,UNSW,router,router,mobile,0
953,835861,PROMPT_TUNING,5,UNSW,motion_sensor,motion_sensor,mobile,0
954,836225,PROMPT_TUNING,5,UNSW,computer,computer,computer,1
955,836260,PROMPT_TUNING,5,UNSW,switch,switch,computer,0
956,836345,PROMPT_TUNING,5,UNSW,computer,computer,computer,1
957,836492,PROMPT_TUNING,5,UNSW,computer,computer,computer,1
958,836556,PROMPT_TUNING,5,UNSW,printer,printer,mobile,0
959,836882,PROMPT_TUNING,5,UNSW,router,router,computer,0
960,837073,PROMPT_TUNING,5,UNSW,router,router,computer,0
961,837475,PROMPT_TUNING,5,UNSW,router,router,computer,0
962,837603,PROMPT_TUNING,5,UNSW,speaker,speaker,mobile,0
963,838317,PROMPT_TUNING,5,UNSW,router,router,speaker,0
964,838349,PROMPT_TUNING,5,UNSW,printer,printer,computer,0
965,839175,PROMPT_TUNING,5,UNSW,router,router,computer,0
966,840216,PROMPT_TUNING,5,UNSW,switch,switch,computer,0
967,840602,PROMPT_TUNING,5,UNSW,router,router,mobile,0
968,840626,PROMPT_TUNING,5,UNSW,switch,switch,computer,0
969,841298,PROMPT_TUNING,5,UNSW,switch,switch,computer,0
970,841480,PROMPT_TUNING,5,UNSW,router,router,computer,0
971,842156,PROMPT_TUNING,5,UNSW,computer,computer,computer,1
972,842822,PROMPT_TUNING,5,UNSW,router,router,computer,0
973,842859,PROMPT_TUNING,5,UNSW,router,router,computer,0
974,852042,PROMPT_TUNING,5,UNSW,switch,switch,switch,1
975,855023,PROMPT_TUNING,5,UNSW,motion_sensor,motion_sensor,motion_sensor,1
976,856276,PROMPT_TUNING,5,UNSW,router,router,camera,0
977,860419,PROMPT_TUNING,5,UNSW,switch,switch,speaker,0
978,862670,PROMPT_TUNING,5,UNSW,switch,switch,motion_sensor,0
979,863170,PROMPT_TUNING,5,UNSW,router,router,camera,0
980,863375,PROMPT_TUNING,5,UNSW,switch,switch,speaker,0
981,865290,PROMPT_TUNING,5,UNSW,router,router,router,1
982,866091,PROMPT_TUNING,5,UNSW,router,router,camera,0
983,866741,PROMPT_TUNING,5,UNSW,bulb,bulb,speaker,0
984,867101,PROMPT_TUNING,5,UNSW,bulb,bulb,motion_sensor,0
985,867861,PROMPT_TUNING,5,UNSW,router,router,mobile,0
986,871212,PROMPT_TUNING,5,UNSW,router,router,router,1
987,871787,PROMPT_TUNING,5,UNSW,switch,switch,camera,0
988,873874,PROMPT_TUNING,5,UNSW,printer,printer,switch,0
989,880034,PROMPT_TUNING,5,UNSW,bulb,bulb,camera,0
990,881491,PROMPT_TUNING,5,UNSW,router,router,camera,0
991,885675,PROMPT_TUNING,5,UNSW,bulb,bulb,speaker,0
992,885892,PROMPT_TUNING,5,UNSW,motion_sensor,motion_sensor,camera,0
993,887585,PROMPT_TUNING,5,UNSW,computer,computer,computer,1
994,887607,PROMPT_TUNING,5,UNSW,switch,switch,computer,0
995,887718,PROMPT_TUNING,5,UNSW,switch,switch,computer,0
996,888078,PROMPT_TUNING,5,UNSW,printer,printer,computer,0
997,888250,PROMPT_TUNING,5,UNSW,router,router,computer,0
998,888612,PROMPT_TUNING,5,UNSW,switch,switch,motion_sensor,0
999,889202,PROMPT_TUNING,5,UNSW,switch,switch,switch,1
1000,889246,PROMPT_TUNING,5,UNSW,switch,switch,motion_sensor,0
1001,889489,PROMPT_TUNING,5,UNSW,router,router,camera,0
1002,891628,PROMPT_TUNING,5,UNSW,switch,switch,motion_sensor,0
1003,892985,PROMPT_TUNING,5,UNSW,router,router,router,1
1004,897057,PROMPT_TUNING,5,UNSW,router,router,camera,0
1005,898066,PROMPT_TUNING,5,UNSW,switch,switch,speaker,0
1006,900473,PROMPT_TUNING,5,UNSW,router,router,camera,0
1007,901920,PROMPT_TUNING,5,UNSW,motion_sensor,motion_sensor,mobile,0
1008,903927,PROMPT_TUNING,5,UNSW,camera,camera,router,0
1009,906741,PROMPT_TUNING,5,UNSW,router,router,camera,0
1010,907030,PROMPT_TUNING,5,UNSW,router,router,router,1
1011,909399,PROMPT_TUNING,5,UNSW,mobile,mobile,router,0
1012,912750,PROMPT_TUNING,5,UNSW,camera,camera,camera,1
1013,913355,PROMPT_TUNING,5,UNSW,switch,switch,speaker,0
1014,914374,PROMPT_TUNING,5,UNSW,router,router,speaker,0
1015,917158,PROMPT_TUNING,5,UNSW,camera,camera,mobile,0
1016,918115,PROMPT_TUNING,5,UNSW,speaker,speaker,camera,0
1017,919546,PROMPT_TUNING,5,UNSW,router,router,camera,0
1018,919941,PROMPT_TUNING,5,UNSW,motion_sensor,motion_sensor,camera,0
1019,923901,PROMPT_TUNING,5,UNSW,router,router,router,1
1020,925224,PROMPT_TUNING,5,UNSW,camera,camera,mobile,0
1021,925679,PROMPT_TUNING,5,UNSW,router,router,router,1
1022,925794,PROMPT_TUNING,5,UNSW,router,router,camera,0
