entry_id,mode,num_examples,dataset_name,gpt_output,pred,actual,match
929742,PROMPT_TUNING,0,ZBW,bulb,bulb,bulb,1
929753,PROMPT_TUNING,0,ZBW,camera,camera,router,0
929754,PROMPT_TUNING,0,ZBW,router,router,speaker,0
929765,PROMPT_TUNING,0,ZBW,switch,switch,router,0
929766,PROMPT_TUNING,0,ZBW,router,router,speaker,0
929773,PROMPT_TUNING,0,ZBW,computer,computer,router,0
929782,PROMPT_TUNING,0,ZBW,computer,computer,router,0
929790,PROMPT_TUNING,0,ZBW,computer,computer,router,0
929799,PROMPT_TUNING,0,ZBW,router,router,router,1
929800,PROMPT_TUNING,0,ZBW,computer,computer,router,0
929811,PROMPT_TUNING,0,ZBW,computer,computer,router,0
929818,PROMPT_TUNING,0,ZBW,computer,computer,router,0
929878,PROMPT_TUNING,0,ZBW,computer,computer,router,0
929906,PROMPT_TUNING,0,ZBW,computer,computer,router,0
929917,PROMPT_TUNING,0,ZBW,computer,computer,router,0
929918,PROMPT_TUNING,0,ZBW,computer,computer,router,0
929927,PROMPT_TUNING,0,ZBW,computer,computer,router,0
929929,PROMPT_TUNING,0,ZBW,computer,computer,router,0
929949,PROMPT_TUNING,0,ZBW,computer,computer,router,0
929967,PROMPT_TUNING,0,ZBW,router,router,speaker,0
929968,PROMPT_TUNING,0,ZBW,computer,computer,router,0
929979,PROMPT_TUNING,0,ZBW,computer,computer,router,0
929982,PROMPT_TUNING,0,ZBW,computer,computer,router,0
930004,PROMPT_TUNING,0,ZBW,computer,computer,router,0
930011,PROMPT_TUNING,0,ZBW,computer,computer,router,0
930019,PROMPT_TUNING,0,ZBW,router,router,switch,0
930040,PROMPT_TUNING,0,ZBW,computer,computer,router,0
930041,PROMPT_TUNING,0,ZBW,computer,computer,router,0
930054,PROMPT_TUNING,0,ZBW,router,router,mobile,0
930061,PROMPT_TUNING,0,ZBW,computer,computer,router,0
930064,PROMPT_TUNING,0,ZBW,router,router,router,1
930071,PROMPT_TUNING,0,ZBW,router,router,router,1
930072,PROMPT_TUNING,0,ZBW,computer,computer,router,0
930074,PROMPT_TUNING,0,ZBW,computer,computer,router,0
930093,PROMPT_TUNING,0,ZBW,router,router,mobile,0
930097,PROMPT_TUNING,0,ZBW,computer,computer,router,0
930107,PROMPT_TUNING,0,ZBW,router,router,mobile,0
930119,PROMPT_TUNING,0,ZBW,computer,computer,router,0
930130,PROMPT_TUNING,0,ZBW,router,router,router,1
930136,PROMPT_TUNING,0,ZBW,computer,computer,router,0
930143,PROMPT_TUNING,0,ZBW,computer,computer,router,0
930145,PROMPT_TUNING,0,ZBW,computer,computer,router,0
930168,PROMPT_TUNING,0,ZBW,computer,computer,router,0
930176,PROMPT_TUNING,0,ZBW,computer,computer,router,0
930190,PROMPT_TUNING,0,ZBW,computer,computer,router,0
930193,PROMPT_TUNING,0,ZBW,computer,computer,router,0
930195,PROMPT_TUNING,0,ZBW,computer,computer,router,0
930201,PROMPT_TUNING,0,ZBW,computer,computer,router,0
930216,PROMPT_TUNING,0,ZBW,computer,computer,router,0
930266,PROMPT_TUNING,0,ZBW,computer,computer,router,0
930300,PROMPT_TUNING,0,ZBW,computer,computer,router,0
930312,PROMPT_TUNING,0,ZBW,computer,computer,router,0
930317,PROMPT_TUNING,0,ZBW,computer,computer,router,0
930318,PROMPT_TUNING,0,ZBW,computer,computer,router,0
930334,PROMPT_TUNING,0,ZBW,router,router,router,1
930335,PROMPT_TUNING,0,ZBW,mobile,mobile,mobile,1
930342,PROMPT_TUNING,0,ZBW,computer,computer,router,0
930346,PROMPT_TUNING,0,ZBW,computer,computer,router,0
930348,PROMPT_TUNING,0,ZBW,computer,computer,router,0
930374,PROMPT_TUNING,0,ZBW,computer,computer,router,0
930401,PROMPT_TUNING,0,ZBW,computer,computer,router,0
930407,PROMPT_TUNING,0,ZBW,computer,computer,router,0
930415,PROMPT_TUNING,0,ZBW,computer,computer,router,0
930435,PROMPT_TUNING,0,ZBW,router,router,switch,0
930446,PROMPT_TUNING,0,ZBW,computer,computer,router,0
930450,PROMPT_TUNING,0,ZBW,computer,computer,router,0
930452,PROMPT_TUNING,0,ZBW,computer,computer,router,0
930453,PROMPT_TUNING,0,ZBW,router,router,router,1
930460,PROMPT_TUNING,0,ZBW,computer,computer,router,0
930467,PROMPT_TUNING,0,ZBW,computer,computer,router,0
930471,PROMPT_TUNING,0,ZBW,computer,computer,router,0
930478,PROMPT_TUNING,0,ZBW,computer,computer,router,0
930479,PROMPT_TUNING,0,ZBW,computer,computer,router,0
930483,PROMPT_TUNING,0,ZBW,computer,computer,router,0
930517,PROMPT_TUNING,0,ZBW,computer,computer,router,0
930518,PROMPT_TUNING,0,ZBW,computer,computer,router,0
930538,PROMPT_TUNING,0,ZBW,router,router,router,1
930539,PROMPT_TUNING,0,ZBW,computer,computer,router,0
930564,PROMPT_TUNING,0,ZBW,computer,computer,router,0
930566,PROMPT_TUNING,0,ZBW,computer,computer,router,0
930568,PROMPT_TUNING,0,ZBW,computer,computer,router,0
930580,PROMPT_TUNING,0,ZBW,computer,computer,router,0
930581,PROMPT_TUNING,0,ZBW,computer,computer,router,0
930595,PROMPT_TUNING,0,ZBW,computer,computer,router,0
930602,PROMPT_TUNING,0,ZBW,computer,computer,router,0
930611,PROMPT_TUNING,0,ZBW,computer,computer,router,0
930629,PROMPT_TUNING,0,ZBW,computer,computer,router,0
930633,PROMPT_TUNING,0,ZBW,computer,computer,router,0
930663,PROMPT_TUNING,0,ZBW,router,router,router,1
930678,PROMPT_TUNING,0,ZBW,router,router,router,1
930680,PROMPT_TUNING,0,ZBW,computer,computer,router,0
930682,PROMPT_TUNING,0,ZBW,computer,computer,router,0
930705,PROMPT_TUNING,0,ZBW,computer,computer,router,0
930709,PROMPT_TUNING,0,ZBW,computer,computer,router,0
930722,PROMPT_TUNING,0,ZBW,computer,computer,router,0
930729,PROMPT_TUNING,0,ZBW,computer,computer,router,0
930735,PROMPT_TUNING,0,ZBW,router,router,mobile,0
930748,PROMPT_TUNING,0,ZBW,computer,computer,router,0
930757,PROMPT_TUNING,0,ZBW,switch,switch,mobile,0
930759,PROMPT_TUNING,0,ZBW,computer,computer,router,0
930765,PROMPT_TUNING,0,ZBW,computer,computer,router,0
930780,PROMPT_TUNING,0,ZBW,computer,computer,router,0
930782,PROMPT_TUNING,0,ZBW,computer,computer,router,0
930786,PROMPT_TUNING,0,ZBW,router,router,mobile,0
930787,PROMPT_TUNING,0,ZBW,computer,computer,router,0
930788,PROMPT_TUNING,0,ZBW,router,router,router,1
930790,PROMPT_TUNING,0,ZBW,computer,computer,router,0
930802,PROMPT_TUNING,0,ZBW,router,router,router,1
930818,PROMPT_TUNING,0,ZBW,computer,computer,router,0
930819,PROMPT_TUNING,0,ZBW,router,router,mobile,0
930822,PROMPT_TUNING,0,ZBW,computer,computer,router,0
930840,PROMPT_TUNING,0,ZBW,computer,computer,router,0
930856,PROMPT_TUNING,0,ZBW,computer,computer,router,0
930857,PROMPT_TUNING,0,ZBW,computer,computer,router,0
930859,PROMPT_TUNING,0,ZBW,computer,computer,router,0
930861,PROMPT_TUNING,0,ZBW,computer,computer,router,0
930881,PROMPT_TUNING,0,ZBW,computer,computer,router,0
930884,PROMPT_TUNING,0,ZBW,router,router,router,1
930893,PROMPT_TUNING,0,ZBW,computer,computer,router,0
930894,PROMPT_TUNING,0,ZBW,computer,computer,router,0
930895,PROMPT_TUNING,0,ZBW,computer,computer,router,0
930905,PROMPT_TUNING,0,ZBW,computer,computer,router,0
930906,PROMPT_TUNING,0,ZBW,computer,computer,router,0
930919,PROMPT_TUNING,0,ZBW,computer,computer,router,0
930926,PROMPT_TUNING,0,ZBW,computer,computer,router,0
930929,PROMPT_TUNING,0,ZBW,computer,computer,router,0
930955,PROMPT_TUNING,0,ZBW,computer,computer,router,0
930963,PROMPT_TUNING,0,ZBW,computer,computer,router,0
930967,PROMPT_TUNING,0,ZBW,computer,computer,router,0
930970,PROMPT_TUNING,0,ZBW,computer,computer,router,0
930992,PROMPT_TUNING,0,ZBW,computer,computer,router,0
931010,PROMPT_TUNING,0,ZBW,computer,computer,router,0
931011,PROMPT_TUNING,0,ZBW,computer,computer,router,0
931015,PROMPT_TUNING,0,ZBW,router,router,router,1
931020,PROMPT_TUNING,0,ZBW,computer,computer,router,0
931024,PROMPT_TUNING,0,ZBW,printer,printer,router,0
931032,PROMPT_TUNING,0,ZBW,router,router,router,1
931040,PROMPT_TUNING,0,ZBW,computer,computer,router,0
931042,PROMPT_TUNING,0,ZBW,computer,computer,router,0
931059,PROMPT_TUNING,0,ZBW,computer,computer,router,0
931072,PROMPT_TUNING,0,ZBW,computer,computer,router,0
931073,PROMPT_TUNING,0,ZBW,computer,computer,router,0
931074,PROMPT_TUNING,0,ZBW,computer,computer,router,0
931086,PROMPT_TUNING,0,ZBW,computer,computer,router,0
931087,PROMPT_TUNING,0,ZBW,computer,computer,router,0
931097,PROMPT_TUNING,0,ZBW,computer,computer,router,0
931108,PROMPT_TUNING,0,ZBW,computer,computer,router,0
931123,PROMPT_TUNING,0,ZBW,computer,computer,router,0
931124,PROMPT_TUNING,0,ZBW,computer,computer,router,0
931126,PROMPT_TUNING,0,ZBW,computer,computer,router,0
931136,PROMPT_TUNING,0,ZBW,computer,computer,router,0
931137,PROMPT_TUNING,0,ZBW,computer,computer,router,0
931140,PROMPT_TUNING,0,ZBW,computer,computer,router,0
931189,PROMPT_TUNING,0,ZBW,computer,computer,router,0
931192,PROMPT_TUNING,0,ZBW,computer,computer,router,0
931230,PROMPT_TUNING,0,ZBW,router,router,router,1
931234,PROMPT_TUNING,0,ZBW,router,router,switch,0
931246,PROMPT_TUNING,0,ZBW,computer,computer,router,0
931247,PROMPT_TUNING,0,ZBW,computer,computer,router,0
931248,PROMPT_TUNING,0,ZBW,computer,computer,router,0
931268,PROMPT_TUNING,0,ZBW,computer,computer,router,0
931272,PROMPT_TUNING,0,ZBW,computer,computer,router,0
931275,PROMPT_TUNING,0,ZBW,computer,computer,router,0
931283,PROMPT_TUNING,0,ZBW,computer,computer,router,0
931286,PROMPT_TUNING,0,ZBW,computer,computer,router,0
931300,PROMPT_TUNING,0,ZBW,computer,computer,router,0
931304,PROMPT_TUNING,0,ZBW,computer,computer,router,0
931310,PROMPT_TUNING,0,ZBW,computer,computer,router,0
931321,PROMPT_TUNING,0,ZBW,computer,computer,router,0
931341,PROMPT_TUNING,0,ZBW,computer,computer,router,0
931342,PROMPT_TUNING,0,ZBW,computer,computer,router,0
931368,PROMPT_TUNING,0,ZBW,router,router,router,1
931381,PROMPT_TUNING,0,ZBW,router,router,router,1
931385,PROMPT_TUNING,0,ZBW,computer,computer,router,0
931389,PROMPT_TUNING,0,ZBW,computer,computer,router,0
931393,PROMPT_TUNING,0,ZBW,computer,computer,router,0
931399,PROMPT_TUNING,0,ZBW,computer,computer,router,0
931404,PROMPT_TUNING,0,ZBW,computer,computer,router,0
931407,PROMPT_TUNING,0,ZBW,computer,computer,router,0
931411,PROMPT_TUNING,0,ZBW,computer,computer,router,0
931447,PROMPT_TUNING,0,ZBW,computer,computer,router,0
931461,PROMPT_TUNING,0,ZBW,computer,computer,router,0
931467,PROMPT_TUNING,0,ZBW,computer,computer,router,0
931469,PROMPT_TUNING,0,ZBW,computer,computer,router,0
931483,PROMPT_TUNING,0,ZBW,computer,computer,router,0
931485,PROMPT_TUNING,0,ZBW,computer,computer,router,0
931487,PROMPT_TUNING,0,ZBW,computer,computer,router,0
931496,PROMPT_TUNING,0,ZBW,computer,computer,router,0
931497,PROMPT_TUNING,0,ZBW,computer,computer,router,0
931502,PROMPT_TUNING,0,ZBW,computer,computer,router,0
931511,PROMPT_TUNING,0,ZBW,router,router,mobile,0
931522,PROMPT_TUNING,0,ZBW,computer,computer,router,0
931527,PROMPT_TUNING,0,ZBW,computer,computer,router,0
931532,PROMPT_TUNING,0,ZBW,computer,computer,router,0
931537,PROMPT_TUNING,0,ZBW,router,router,router,1
931538,PROMPT_TUNING,0,ZBW,router,router,router,1
931542,PROMPT_TUNING,0,ZBW,computer,computer,router,0
931545,PROMPT_TUNING,0,ZBW,computer,computer,router,0
931550,PROMPT_TUNING,0,ZBW,computer,computer,router,0
931554,PROMPT_TUNING,0,ZBW,computer,computer,router,0
931561,PROMPT_TUNING,0,ZBW,computer,computer,router,0
931563,PROMPT_TUNING,0,ZBW,computer,computer,router,0
931572,PROMPT_TUNING,0,ZBW,computer,computer,router,0
931575,PROMPT_TUNING,0,ZBW,computer,computer,router,0
931576,PROMPT_TUNING,0,ZBW,computer,computer,router,0
931596,PROMPT_TUNING,0,ZBW,router,router,switch,0
931611,PROMPT_TUNING,0,ZBW,computer,computer,router,0
931620,PROMPT_TUNING,0,ZBW,computer,computer,router,0
931632,PROMPT_TUNING,0,ZBW,computer,computer,router,0
931649,PROMPT_TUNING,0,ZBW,computer,computer,router,0
931657,PROMPT_TUNING,0,ZBW,computer,computer,router,0
931699,PROMPT_TUNING,0,ZBW,bulb,bulb,router,0
931703,PROMPT_TUNING,0,ZBW,computer,computer,router,0
931705,PROMPT_TUNING,0,ZBW,computer,computer,router,0
931711,PROMPT_TUNING,0,ZBW,computer,computer,router,0
931715,PROMPT_TUNING,0,ZBW,router,router,router,1
931720,PROMPT_TUNING,0,ZBW,computer,computer,router,0
931748,PROMPT_TUNING,0,ZBW,computer,computer,router,0
931760,PROMPT_TUNING,0,ZBW,router,router,mobile,0
931765,PROMPT_TUNING,0,ZBW,computer,computer,router,0
931768,PROMPT_TUNING,0,ZBW,computer,computer,router,0
931775,PROMPT_TUNING,0,ZBW,router,router,mobile,0
931786,PROMPT_TUNING,0,ZBW,computer,computer,router,0
931796,PROMPT_TUNING,0,ZBW,computer,computer,router,0
931805,PROMPT_TUNING,0,ZBW,computer,computer,router,0
931825,PROMPT_TUNING,0,ZBW,computer,computer,router,0
931831,PROMPT_TUNING,0,ZBW,computer,computer,router,0
931844,PROMPT_TUNING,0,ZBW,computer,computer,router,0
931854,PROMPT_TUNING,0,ZBW,computer,computer,router,0
931870,PROMPT_TUNING,0,ZBW,computer,computer,router,0
931879,PROMPT_TUNING,0,ZBW,computer,computer,router,0
931881,PROMPT_TUNING,0,ZBW,router,router,router,1
931886,PROMPT_TUNING,0,ZBW,computer,computer,router,0
931897,PROMPT_TUNING,0,ZBW,computer,computer,router,0
931899,PROMPT_TUNING,0,ZBW,router,router,mobile,0
931902,PROMPT_TUNING,0,ZBW,computer,computer,router,0
931904,PROMPT_TUNING,0,ZBW,computer,computer,router,0
931905,PROMPT_TUNING,0,ZBW,router,router,speaker,0
931909,PROMPT_TUNING,0,ZBW,computer,computer,router,0
931914,PROMPT_TUNING,0,ZBW,router,router,router,1
931921,PROMPT_TUNING,0,ZBW,computer,computer,router,0
931925,PROMPT_TUNING,0,ZBW,computer,computer,router,0
931936,PROMPT_TUNING,0,ZBW,computer,computer,router,0
931948,PROMPT_TUNING,0,ZBW,router,router,router,1
931949,PROMPT_TUNING,0,ZBW,computer,computer,router,0
931967,PROMPT_TUNING,0,ZBW,computer,computer,router,0
931978,PROMPT_TUNING,0,ZBW,computer,computer,router,0
931983,PROMPT_TUNING,0,ZBW,computer,computer,router,0
932006,PROMPT_TUNING,0,ZBW,computer,computer,router,0
932010,PROMPT_TUNING,0,ZBW,computer,computer,router,0
932011,PROMPT_TUNING,0,ZBW,router,router,router,1
932014,PROMPT_TUNING,0,ZBW,computer,computer,router,0
932037,PROMPT_TUNING,0,ZBW,router,router,router,1
932039,PROMPT_TUNING,0,ZBW,router,router,speaker,0
932056,PROMPT_TUNING,0,ZBW,computer,computer,router,0
932065,PROMPT_TUNING,0,ZBW,router,router,router,1
932068,PROMPT_TUNING,0,ZBW,router,router,router,1
932069,PROMPT_TUNING,0,ZBW,router,router,router,1
932090,PROMPT_TUNING,0,ZBW,computer,computer,router,0
932098,PROMPT_TUNING,0,ZBW,computer,computer,router,0
932102,PROMPT_TUNING,0,ZBW,computer,computer,router,0
932105,PROMPT_TUNING,0,ZBW,computer,computer,router,0
932123,PROMPT_TUNING,0,ZBW,computer,computer,router,0
932139,PROMPT_TUNING,0,ZBW,router,router,mobile,0
932140,PROMPT_TUNING,0,ZBW,computer,computer,router,0
932170,PROMPT_TUNING,0,ZBW,computer,computer,router,0
932172,PROMPT_TUNING,0,ZBW,computer,computer,router,0
932187,PROMPT_TUNING,0,ZBW,router,router,mobile,0
932196,PROMPT_TUNING,0,ZBW,computer,computer,router,0
932198,PROMPT_TUNING,0,ZBW,computer,computer,router,0
932203,PROMPT_TUNING,0,ZBW,computer,computer,router,0
932204,PROMPT_TUNING,0,ZBW,printer,printer,router,0
932208,PROMPT_TUNING,0,ZBW,computer,computer,router,0
932209,PROMPT_TUNING,0,ZBW,computer,computer,router,0
932212,PROMPT_TUNING,0,ZBW,router,router,speaker,0
932213,PROMPT_TUNING,0,ZBW,computer,computer,router,0
932215,PROMPT_TUNING,0,ZBW,router,router,mobile,0
932222,PROMPT_TUNING,0,ZBW,router,router,mobile,0
932236,PROMPT_TUNING,0,ZBW,computer,computer,router,0
932263,PROMPT_TUNING,0,ZBW,computer,computer,router,0
932265,PROMPT_TUNING,0,ZBW,computer,computer,router,0
932297,PROMPT_TUNING,0,ZBW,computer,computer,router,0
932304,PROMPT_TUNING,0,ZBW,computer,computer,router,0
932309,PROMPT_TUNING,0,ZBW,computer,computer,router,0
932315,PROMPT_TUNING,0,ZBW,computer,computer,router,0
932319,PROMPT_TUNING,0,ZBW,computer,computer,router,0
932325,PROMPT_TUNING,0,ZBW,router,router,mobile,0
932328,PROMPT_TUNING,0,ZBW,computer,computer,router,0
932346,PROMPT_TUNING,0,ZBW,computer,computer,router,0
932380,PROMPT_TUNING,0,ZBW,computer,computer,router,0
932394,PROMPT_TUNING,0,ZBW,router,router,router,1
932412,PROMPT_TUNING,0,ZBW,router,router,router,1
932449,PROMPT_TUNING,0,ZBW,router,router,router,1
932450,PROMPT_TUNING,0,ZBW,computer,computer,router,0
932455,PROMPT_TUNING,0,ZBW,computer,computer,router,0
932459,PROMPT_TUNING,0,ZBW,computer,computer,router,0
932463,PROMPT_TUNING,0,ZBW,computer,computer,router,0
932464,PROMPT_TUNING,0,ZBW,computer,computer,router,0
932466,PROMPT_TUNING,0,ZBW,computer,computer,router,0
932477,PROMPT_TUNING,0,ZBW,computer,computer,router,0
932493,PROMPT_TUNING,0,ZBW,computer,computer,router,0
932495,PROMPT_TUNING,0,ZBW,router,router,router,1
932496,PROMPT_TUNING,0,ZBW,router,router,router,1
932503,PROMPT_TUNING,0,ZBW,computer,computer,router,0
932510,PROMPT_TUNING,0,ZBW,computer,computer,router,0
932517,PROMPT_TUNING,0,ZBW,computer,computer,router,0
932531,PROMPT_TUNING,0,ZBW,computer,computer,router,0
932534,PROMPT_TUNING,0,ZBW,computer,computer,router,0
932548,PROMPT_TUNING,0,ZBW,computer,computer,router,0
932555,PROMPT_TUNING,0,ZBW,computer,computer,router,0
932591,PROMPT_TUNING,0,ZBW,computer,computer,router,0
932593,PROMPT_TUNING,0,ZBW,computer,computer,router,0
932601,PROMPT_TUNING,0,ZBW,computer,computer,router,0
932605,PROMPT_TUNING,0,ZBW,router,router,router,1
932607,PROMPT_TUNING,0,ZBW,computer,computer,router,0
932611,PROMPT_TUNING,0,ZBW,computer,computer,router,0
932628,PROMPT_TUNING,0,ZBW,computer,computer,router,0
932650,PROMPT_TUNING,0,ZBW,computer,computer,router,0
932651,PROMPT_TUNING,0,ZBW,computer,computer,router,0
932665,PROMPT_TUNING,0,ZBW,computer,computer,router,0
932670,PROMPT_TUNING,0,ZBW,computer,computer,router,0
932680,PROMPT_TUNING,0,ZBW,computer,computer,router,0
932683,PROMPT_TUNING,0,ZBW,computer,computer,router,0
932688,PROMPT_TUNING,0,ZBW,computer,computer,router,0
932726,PROMPT_TUNING,0,ZBW,computer,computer,router,0
932732,PROMPT_TUNING,0,ZBW,computer,computer,router,0
932740,PROMPT_TUNING,0,ZBW,computer,computer,router,0
932750,PROMPT_TUNING,0,ZBW,computer,computer,router,0
932755,PROMPT_TUNING,0,ZBW,computer,computer,router,0
932772,PROMPT_TUNING,0,ZBW,router,router,mobile,0
932784,PROMPT_TUNING,0,ZBW,computer,computer,router,0
932803,PROMPT_TUNING,0,ZBW,computer,computer,router,0
932811,PROMPT_TUNING,0,ZBW,computer,computer,router,0
932812,PROMPT_TUNING,0,ZBW,computer,computer,router,0
932829,PROMPT_TUNING,0,ZBW,computer,computer,router,0
932833,PROMPT_TUNING,0,ZBW,router,router,router,1
932834,PROMPT_TUNING,0,ZBW,computer,computer,router,0
932838,PROMPT_TUNING,0,ZBW,computer,computer,router,0
932845,PROMPT_TUNING,0,ZBW,computer,computer,router,0
932860,PROMPT_TUNING,0,ZBW,router,router,router,1
932861,PROMPT_TUNING,0,ZBW,router,router,router,1
932877,PROMPT_TUNING,0,ZBW,computer,computer,router,0
932898,PROMPT_TUNING,0,ZBW,computer,computer,router,0
932899,PROMPT_TUNING,0,ZBW,computer,computer,router,0
932906,PROMPT_TUNING,0,ZBW,computer,computer,router,0
932907,PROMPT_TUNING,0,ZBW,computer,computer,router,0
932919,PROMPT_TUNING,0,ZBW,router,router,router,1
932935,PROMPT_TUNING,0,ZBW,computer,computer,router,0
932936,PROMPT_TUNING,0,ZBW,computer,computer,router,0
932943,PROMPT_TUNING,0,ZBW,computer,computer,router,0
932951,PROMPT_TUNING,0,ZBW,computer,computer,router,0
932953,PROMPT_TUNING,0,ZBW,computer,computer,router,0
932960,PROMPT_TUNING,0,ZBW,computer,computer,router,0
932962,PROMPT_TUNING,0,ZBW,computer,computer,router,0
932968,PROMPT_TUNING,0,ZBW,computer,computer,router,0
932969,PROMPT_TUNING,0,ZBW,computer,computer,router,0
932976,PROMPT_TUNING,0,ZBW,computer,computer,router,0
932978,PROMPT_TUNING,0,ZBW,computer,computer,router,0
932990,PROMPT_TUNING,0,ZBW,computer,computer,router,0
932995,PROMPT_TUNING,0,ZBW,computer,computer,router,0
933017,PROMPT_TUNING,0,ZBW,computer,computer,router,0
933031,PROMPT_TUNING,0,ZBW,computer,computer,router,0
933036,PROMPT_TUNING,0,ZBW,computer,computer,router,0
933050,PROMPT_TUNING,0,ZBW,computer,computer,router,0
933055,PROMPT_TUNING,0,ZBW,router,router,router,1
933073,PROMPT_TUNING,0,ZBW,computer,computer,router,0
933076,PROMPT_TUNING,0,ZBW,computer,computer,router,0
933093,PROMPT_TUNING,0,ZBW,computer,computer,router,0
933100,PROMPT_TUNING,0,ZBW,computer,computer,router,0
933103,PROMPT_TUNING,0,ZBW,computer,computer,router,0
933115,PROMPT_TUNING,0,ZBW,computer,computer,router,0
933121,PROMPT_TUNING,0,ZBW,computer,computer,router,0
933125,PROMPT_TUNING,0,ZBW,computer,computer,router,0
933151,PROMPT_TUNING,0,ZBW,computer,computer,router,0
933154,PROMPT_TUNING,0,ZBW,speaker,speaker,speaker,1
933159,PROMPT_TUNING,0,ZBW,computer,computer,router,0
933193,PROMPT_TUNING,0,ZBW,router,router,router,1
933198,PROMPT_TUNING,0,ZBW,computer,computer,router,0
933199,PROMPT_TUNING,0,ZBW,computer,computer,router,0
933201,PROMPT_TUNING,0,ZBW,computer,computer,router,0
933208,PROMPT_TUNING,0,ZBW,computer,computer,router,0
933228,PROMPT_TUNING,0,ZBW,computer,computer,router,0
933236,PROMPT_TUNING,0,ZBW,computer,computer,router,0
933246,PROMPT_TUNING,0,ZBW,computer,computer,router,0
933262,PROMPT_TUNING,0,ZBW,computer,computer,router,0
933290,PROMPT_TUNING,0,ZBW,computer,computer,router,0
933302,PROMPT_TUNING,0,ZBW,computer,computer,router,0
933311,PROMPT_TUNING,0,ZBW,computer,computer,router,0
933313,PROMPT_TUNING,0,ZBW,computer,computer,router,0
933316,PROMPT_TUNING,0,ZBW,computer,computer,router,0
933326,PROMPT_TUNING,0,ZBW,computer,computer,router,0
933335,PROMPT_TUNING,0,ZBW,computer,computer,router,0
933336,PROMPT_TUNING,0,ZBW,computer,computer,router,0
933337,PROMPT_TUNING,0,ZBW,computer,computer,router,0
933348,PROMPT_TUNING,0,ZBW,computer,computer,router,0
933373,PROMPT_TUNING,0,ZBW,switch,switch,router,0
933382,PROMPT_TUNING,0,ZBW,computer,computer,router,0
933395,PROMPT_TUNING,0,ZBW,router,router,router,1
933410,PROMPT_TUNING,0,ZBW,computer,computer,router,0
933415,PROMPT_TUNING,0,ZBW,computer,computer,router,0
933419,PROMPT_TUNING,0,ZBW,computer,computer,router,0
933425,PROMPT_TUNING,0,ZBW,computer,computer,router,0
933430,PROMPT_TUNING,0,ZBW,computer,computer,router,0
933432,PROMPT_TUNING,0,ZBW,computer,computer,router,0
933439,PROMPT_TUNING,0,ZBW,computer,computer,router,0
933440,PROMPT_TUNING,0,ZBW,computer,computer,router,0
933445,PROMPT_TUNING,0,ZBW,computer,computer,router,0
933447,PROMPT_TUNING,0,ZBW,computer,computer,router,0
933450,PROMPT_TUNING,0,ZBW,computer,computer,router,0
933459,PROMPT_TUNING,0,ZBW,computer,computer,router,0
933462,PROMPT_TUNING,0,ZBW,computer,computer,router,0
933465,PROMPT_TUNING,0,ZBW,router,router,mobile,0
933471,PROMPT_TUNING,0,ZBW,computer,computer,router,0
933478,PROMPT_TUNING,0,ZBW,computer,computer,router,0
933479,PROMPT_TUNING,0,ZBW,computer,computer,router,0
933481,PROMPT_TUNING,0,ZBW,computer,computer,router,0
933498,PROMPT_TUNING,0,ZBW,computer,computer,router,0
933520,PROMPT_TUNING,0,ZBW,computer,computer,router,0
933544,PROMPT_TUNING,0,ZBW,computer,computer,router,0
933552,PROMPT_TUNING,0,ZBW,router,router,router,1
933555,PROMPT_TUNING,0,ZBW,computer,computer,router,0
933557,PROMPT_TUNING,0,ZBW,computer,computer,router,0
933559,PROMPT_TUNING,0,ZBW,computer,computer,router,0
933563,PROMPT_TUNING,0,ZBW,computer,computer,router,0
933567,PROMPT_TUNING,0,ZBW,computer,computer,router,0
933588,PROMPT_TUNING,0,ZBW,router,router,router,1
933590,PROMPT_TUNING,0,ZBW,computer,computer,router,0
933595,PROMPT_TUNING,0,ZBW,computer,computer,router,0
933596,PROMPT_TUNING,0,ZBW,computer,computer,router,0
933632,PROMPT_TUNING,0,ZBW,computer,computer,router,0
933640,PROMPT_TUNING,0,ZBW,computer,computer,router,0
933642,PROMPT_TUNING,0,ZBW,computer,computer,router,0
933645,PROMPT_TUNING,0,ZBW,computer,computer,router,0
933651,PROMPT_TUNING,0,ZBW,router,router,router,1
933678,PROMPT_TUNING,0,ZBW,switch,switch,router,0
933681,PROMPT_TUNING,0,ZBW,router,router,router,1
933683,PROMPT_TUNING,0,ZBW,computer,computer,router,0
933691,PROMPT_TUNING,0,ZBW,router,router,router,1
933699,PROMPT_TUNING,0,ZBW,computer,computer,router,0
933705,PROMPT_TUNING,0,ZBW,computer,computer,router,0
933728,PROMPT_TUNING,0,ZBW,router,router,router,1
933760,PROMPT_TUNING,0,ZBW,computer,computer,router,0
933779,PROMPT_TUNING,0,ZBW,router,router,router,1
933800,PROMPT_TUNING,0,ZBW,computer,computer,router,0
933817,PROMPT_TUNING,0,ZBW,computer,computer,router,0
933837,PROMPT_TUNING,0,ZBW,computer,computer,router,0
933846,PROMPT_TUNING,0,ZBW,computer,computer,router,0
933860,PROMPT_TUNING,0,ZBW,computer,computer,router,0
933864,PROMPT_TUNING,0,ZBW,computer,computer,router,0
933884,PROMPT_TUNING,0,ZBW,computer,computer,router,0
933890,PROMPT_TUNING,0,ZBW,computer,computer,router,0
933891,PROMPT_TUNING,0,ZBW,computer,computer,router,0
933899,PROMPT_TUNING,0,ZBW,computer,computer,router,0
933905,PROMPT_TUNING,0,ZBW,computer,computer,router,0
933906,PROMPT_TUNING,0,ZBW,computer,computer,router,0
933908,PROMPT_TUNING,0,ZBW,computer,computer,router,0
933912,PROMPT_TUNING,0,ZBW,computer,computer,router,0
933913,PROMPT_TUNING,0,ZBW,computer,computer,router,0
933914,PROMPT_TUNING,0,ZBW,router,router,router,1
933961,PROMPT_TUNING,0,ZBW,computer,computer,router,0
933976,PROMPT_TUNING,0,ZBW,computer,computer,router,0
933991,PROMPT_TUNING,0,ZBW,computer,computer,router,0
933997,PROMPT_TUNING,0,ZBW,computer,computer,router,0
934007,PROMPT_TUNING,0,ZBW,computer,computer,router,0
934022,PROMPT_TUNING,0,ZBW,computer,computer,router,0
934027,PROMPT_TUNING,0,ZBW,computer,computer,router,0
934055,PROMPT_TUNING,0,ZBW,computer,computer,router,0
934059,PROMPT_TUNING,0,ZBW,router,router,router,1
934070,PROMPT_TUNING,0,ZBW,computer,computer,router,0
934071,PROMPT_TUNING,0,ZBW,computer,computer,router,0
934078,PROMPT_TUNING,0,ZBW,computer,computer,router,0
934081,PROMPT_TUNING,0,ZBW,computer,computer,router,0
934092,PROMPT_TUNING,0,ZBW,computer,computer,router,0
934106,PROMPT_TUNING,0,ZBW,computer,computer,router,0
934122,PROMPT_TUNING,0,ZBW,computer,computer,router,0
934130,PROMPT_TUNING,0,ZBW,router,router,router,1
934162,PROMPT_TUNING,0,ZBW,computer,computer,router,0
934165,PROMPT_TUNING,0,ZBW,computer,computer,router,0
934180,PROMPT_TUNING,0,ZBW,computer,computer,router,0
934183,PROMPT_TUNING,0,ZBW,computer,computer,router,0
934184,PROMPT_TUNING,0,ZBW,computer,computer,router,0
934186,PROMPT_TUNING,0,ZBW,computer,computer,router,0
934188,PROMPT_TUNING,0,ZBW,computer,computer,router,0
934202,PROMPT_TUNING,0,ZBW,computer,computer,router,0
934203,PROMPT_TUNING,0,ZBW,computer,computer,router,0
934214,PROMPT_TUNING,0,ZBW,computer,computer,router,0
934231,PROMPT_TUNING,0,ZBW,computer,computer,router,0
934238,PROMPT_TUNING,0,ZBW,computer,computer,router,0
934240,PROMPT_TUNING,0,ZBW,computer,computer,router,0
934242,PROMPT_TUNING,0,ZBW,computer,computer,router,0
934253,PROMPT_TUNING,0,ZBW,computer,computer,router,0
934263,PROMPT_TUNING,0,ZBW,computer,computer,router,0
934265,PROMPT_TUNING,0,ZBW,computer,computer,router,0
934269,PROMPT_TUNING,0,ZBW,router,router,router,1
934270,PROMPT_TUNING,0,ZBW,computer,computer,router,0
934278,PROMPT_TUNING,0,ZBW,computer,computer,router,0
934286,PROMPT_TUNING,0,ZBW,router,router,router,1
934326,PROMPT_TUNING,0,ZBW,router,router,router,1
934329,PROMPT_TUNING,0,ZBW,router,router,router,1
934330,PROMPT_TUNING,0,ZBW,computer,computer,router,0
934335,PROMPT_TUNING,0,ZBW,computer,computer,router,0
934342,PROMPT_TUNING,0,ZBW,computer,computer,router,0
934343,PROMPT_TUNING,0,ZBW,router,router,router,1
934369,PROMPT_TUNING,0,ZBW,computer,computer,router,0
934371,PROMPT_TUNING,0,ZBW,computer,computer,router,0
934376,PROMPT_TUNING,0,ZBW,computer,computer,router,0
934384,PROMPT_TUNING,0,ZBW,computer,computer,router,0
934405,PROMPT_TUNING,0,ZBW,computer,computer,router,0
934408,PROMPT_TUNING,0,ZBW,router,router,router,1
934409,PROMPT_TUNING,0,ZBW,computer,computer,router,0
934415,PROMPT_TUNING,0,ZBW,computer,computer,router,0
934416,PROMPT_TUNING,0,ZBW,computer,computer,router,0
934419,PROMPT_TUNING,0,ZBW,computer,computer,router,0
934422,PROMPT_TUNING,0,ZBW,computer,computer,router,0
934432,PROMPT_TUNING,0,ZBW,router,router,router,1
934439,PROMPT_TUNING,0,ZBW,computer,computer,router,0
934445,PROMPT_TUNING,0,ZBW,computer,computer,router,0
934453,PROMPT_TUNING,0,ZBW,computer,computer,router,0
934461,PROMPT_TUNING,0,ZBW,computer,computer,router,0
934464,PROMPT_TUNING,0,ZBW,computer,computer,router,0
934467,PROMPT_TUNING,0,ZBW,computer,computer,router,0
934477,PROMPT_TUNING,0,ZBW,computer,computer,router,0
934485,PROMPT_TUNING,0,ZBW,computer,computer,router,0
934488,PROMPT_TUNING,0,ZBW,computer,computer,router,0
934509,PROMPT_TUNING,0,ZBW,computer,computer,router,0
934517,PROMPT_TUNING,0,ZBW,computer,computer,router,0
934518,PROMPT_TUNING,0,ZBW,computer,computer,router,0
934519,PROMPT_TUNING,0,ZBW,computer,computer,router,0
934548,PROMPT_TUNING,0,ZBW,router,router,router,1
934551,PROMPT_TUNING,0,ZBW,computer,computer,router,0
934561,PROMPT_TUNING,0,ZBW,computer,computer,router,0
934575,PROMPT_TUNING,0,ZBW,computer,computer,router,0
934588,PROMPT_TUNING,0,ZBW,computer,computer,router,0
934593,PROMPT_TUNING,0,ZBW,router,router,router,1
934630,PROMPT_TUNING,0,ZBW,computer,computer,router,0
934651,PROMPT_TUNING,0,ZBW,computer,computer,router,0
934654,PROMPT_TUNING,0,ZBW,computer,computer,router,0
934660,PROMPT_TUNING,0,ZBW,computer,computer,router,0
934661,PROMPT_TUNING,0,ZBW,router,router,router,1
934662,PROMPT_TUNING,0,ZBW,computer,computer,router,0
934679,PROMPT_TUNING,0,ZBW,computer,computer,router,0
934682,PROMPT_TUNING,0,ZBW,computer,computer,router,0
934688,PROMPT_TUNING,0,ZBW,computer,computer,router,0
934703,PROMPT_TUNING,0,ZBW,computer,computer,router,0
934709,PROMPT_TUNING,0,ZBW,computer,computer,router,0
934715,PROMPT_TUNING,0,ZBW,computer,computer,router,0
934724,PROMPT_TUNING,0,ZBW,router,router,router,1
934728,PROMPT_TUNING,0,ZBW,computer,computer,router,0
934729,PROMPT_TUNING,0,ZBW,computer,computer,router,0
934733,PROMPT_TUNING,0,ZBW,router,router,router,1
934743,PROMPT_TUNING,0,ZBW,computer,computer,router,0
934745,PROMPT_TUNING,0,ZBW,computer,computer,router,0
934749,PROMPT_TUNING,0,ZBW,computer,computer,router,0
934758,PROMPT_TUNING,0,ZBW,router,router,router,1
934767,PROMPT_TUNING,0,ZBW,router,router,router,1
934777,PROMPT_TUNING,0,ZBW,computer,computer,router,0
934782,PROMPT_TUNING,0,ZBW,computer,computer,router,0
934786,PROMPT_TUNING,0,ZBW,computer,computer,router,0
934795,PROMPT_TUNING,0,ZBW,computer,computer,router,0
934796,PROMPT_TUNING,0,ZBW,computer,computer,router,0
934805,PROMPT_TUNING,0,ZBW,computer,computer,router,0
934826,PROMPT_TUNING,0,ZBW,router,router,router,1
934849,PROMPT_TUNING,0,ZBW,computer,computer,router,0
934855,PROMPT_TUNING,0,ZBW,computer,computer,router,0
934864,PROMPT_TUNING,0,ZBW,computer,computer,router,0
934865,PROMPT_TUNING,0,ZBW,computer,computer,router,0
934877,PROMPT_TUNING,0,ZBW,computer,computer,router,0
934878,PROMPT_TUNING,0,ZBW,computer,computer,router,0
934882,PROMPT_TUNING,0,ZBW,computer,computer,router,0
934894,PROMPT_TUNING,0,ZBW,computer,computer,router,0
934896,PROMPT_TUNING,0,ZBW,computer,computer,router,0
934916,PROMPT_TUNING,0,ZBW,computer,computer,router,0
934922,PROMPT_TUNING,0,ZBW,computer,computer,router,0
934925,PROMPT_TUNING,0,ZBW,computer,computer,router,0
934932,PROMPT_TUNING,0,ZBW,computer,computer,router,0
934933,PROMPT_TUNING,0,ZBW,computer,computer,router,0
934940,PROMPT_TUNING,0,ZBW,computer,computer,router,0
934957,PROMPT_TUNING,0,ZBW,computer,computer,router,0
934960,PROMPT_TUNING,0,ZBW,computer,computer,router,0
934969,PROMPT_TUNING,0,ZBW,router,router,router,1
934970,PROMPT_TUNING,0,ZBW,computer,computer,router,0
934987,PROMPT_TUNING,0,ZBW,computer,computer,router,0
934993,PROMPT_TUNING,0,ZBW,computer,computer,router,0
935000,PROMPT_TUNING,0,ZBW,computer,computer,router,0
935008,PROMPT_TUNING,0,ZBW,computer,computer,router,0
935014,PROMPT_TUNING,0,ZBW,computer,computer,router,0
935042,PROMPT_TUNING,0,ZBW,computer,computer,router,0
935044,PROMPT_TUNING,0,ZBW,computer,computer,router,0
935066,PROMPT_TUNING,0,ZBW,computer,computer,router,0
935092,PROMPT_TUNING,0,ZBW,computer,computer,router,0
935093,PROMPT_TUNING,0,ZBW,computer,computer,router,0
935101,PROMPT_TUNING,0,ZBW,computer,computer,router,0
935103,PROMPT_TUNING,0,ZBW,router,router,router,1
935105,PROMPT_TUNING,0,ZBW,computer,computer,router,0
935107,PROMPT_TUNING,0,ZBW,computer,computer,router,0
935115,PROMPT_TUNING,0,ZBW,computer,computer,router,0
935134,PROMPT_TUNING,0,ZBW,computer,computer,router,0
935135,PROMPT_TUNING,0,ZBW,router,router,router,1
935142,PROMPT_TUNING,0,ZBW,computer,computer,router,0
935147,PROMPT_TUNING,0,ZBW,computer,computer,router,0
935148,PROMPT_TUNING,0,ZBW,computer,computer,router,0
935170,PROMPT_TUNING,0,ZBW,computer,computer,router,0
935181,PROMPT_TUNING,0,ZBW,computer,computer,router,0
935184,PROMPT_TUNING,0,ZBW,computer,computer,router,0
935194,PROMPT_TUNING,0,ZBW,computer,computer,router,0
935206,PROMPT_TUNING,0,ZBW,computer,computer,router,0
935219,PROMPT_TUNING,0,ZBW,router,router,router,1
935232,PROMPT_TUNING,0,ZBW,computer,computer,router,0
935234,PROMPT_TUNING,0,ZBW,computer,computer,router,0
935255,PROMPT_TUNING,0,ZBW,computer,computer,router,0
935257,PROMPT_TUNING,0,ZBW,computer,computer,router,0
935265,PROMPT_TUNING,0,ZBW,computer,computer,router,0
935286,PROMPT_TUNING,0,ZBW,computer,computer,router,0
935293,PROMPT_TUNING,0,ZBW,computer,computer,router,0
935312,PROMPT_TUNING,0,ZBW,computer,computer,router,0
935330,PROMPT_TUNING,0,ZBW,router,router,router,1
935332,PROMPT_TUNING,0,ZBW,computer,computer,router,0
935336,PROMPT_TUNING,0,ZBW,computer,computer,router,0
935340,PROMPT_TUNING,0,ZBW,computer,computer,router,0
935359,PROMPT_TUNING,0,ZBW,computer,computer,router,0
935364,PROMPT_TUNING,0,ZBW,computer,computer,router,0
935367,PROMPT_TUNING,0,ZBW,computer,computer,router,0
935372,PROMPT_TUNING,0,ZBW,computer,computer,router,0
935384,PROMPT_TUNING,0,ZBW,computer,computer,router,0
935387,PROMPT_TUNING,0,ZBW,computer,computer,router,0
935399,PROMPT_TUNING,0,ZBW,router,router,router,1
935410,PROMPT_TUNING,0,ZBW,computer,computer,router,0
935414,PROMPT_TUNING,0,ZBW,computer,computer,router,0
935416,PROMPT_TUNING,0,ZBW,router,router,router,1
935435,PROMPT_TUNING,0,ZBW,computer,computer,router,0
935452,PROMPT_TUNING,0,ZBW,computer,computer,router,0
935462,PROMPT_TUNING,0,ZBW,router,router,router,1
935470,PROMPT_TUNING,0,ZBW,computer,computer,router,0
935482,PROMPT_TUNING,0,ZBW,computer,computer,router,0
935484,PROMPT_TUNING,0,ZBW,computer,computer,router,0
935491,PROMPT_TUNING,0,ZBW,computer,computer,router,0
935532,PROMPT_TUNING,0,ZBW,computer,computer,router,0
935536,PROMPT_TUNING,0,ZBW,computer,computer,router,0
935547,PROMPT_TUNING,0,ZBW,computer,computer,router,0
935552,PROMPT_TUNING,0,ZBW,computer,computer,router,0
935570,PROMPT_TUNING,0,ZBW,computer,computer,router,0
935593,PROMPT_TUNING,0,ZBW,computer,computer,router,0
935606,PROMPT_TUNING,0,ZBW,computer,computer,router,0
935611,PROMPT_TUNING,0,ZBW,computer,computer,router,0
935631,PROMPT_TUNING,0,ZBW,computer,computer,router,0
935634,PROMPT_TUNING,0,ZBW,computer,computer,router,0
935635,PROMPT_TUNING,0,ZBW,computer,computer,router,0
935639,PROMPT_TUNING,0,ZBW,computer,computer,router,0
935642,PROMPT_TUNING,0,ZBW,computer,computer,router,0
935649,PROMPT_TUNING,0,ZBW,computer,computer,router,0
935670,PROMPT_TUNING,0,ZBW,computer,computer,router,0
935673,PROMPT_TUNING,0,ZBW,router,router,router,1
935707,PROMPT_TUNING,0,ZBW,computer,computer,router,0
935724,PROMPT_TUNING,0,ZBW,router,router,router,1
935729,PROMPT_TUNING,0,ZBW,computer,computer,router,0
935753,PROMPT_TUNING,0,ZBW,computer,computer,router,0
935763,PROMPT_TUNING,0,ZBW,computer,computer,router,0
935776,PROMPT_TUNING,0,ZBW,router,router,router,1
935780,PROMPT_TUNING,0,ZBW,computer,computer,router,0
935781,PROMPT_TUNING,0,ZBW,computer,computer,router,0
935797,PROMPT_TUNING,0,ZBW,computer,computer,router,0
935830,PROMPT_TUNING,0,ZBW,computer,computer,router,0
935831,PROMPT_TUNING,0,ZBW,computer,computer,router,0
935840,PROMPT_TUNING,0,ZBW,computer,computer,router,0
935844,PROMPT_TUNING,0,ZBW,computer,computer,router,0
935867,PROMPT_TUNING,0,ZBW,router,router,router,1
935887,PROMPT_TUNING,0,ZBW,computer,computer,router,0
935951,PROMPT_TUNING,0,ZBW,computer,computer,router,0
935954,PROMPT_TUNING,0,ZBW,computer,computer,router,0
935959,PROMPT_TUNING,0,ZBW,computer,computer,router,0
935963,PROMPT_TUNING,0,ZBW,computer,computer,router,0
935985,PROMPT_TUNING,0,ZBW,computer,computer,router,0
936006,PROMPT_TUNING,0,ZBW,computer,computer,router,0
936009,PROMPT_TUNING,0,ZBW,computer,computer,router,0
936016,PROMPT_TUNING,0,ZBW,computer,computer,router,0
936042,PROMPT_TUNING,0,ZBW,computer,computer,router,0
936060,PROMPT_TUNING,0,ZBW,computer,computer,router,0
936063,PROMPT_TUNING,0,ZBW,computer,computer,router,0
936067,PROMPT_TUNING,0,ZBW,computer,computer,router,0
936069,PROMPT_TUNING,0,ZBW,computer,computer,router,0
936088,PROMPT_TUNING,0,ZBW,computer,computer,router,0
936105,PROMPT_TUNING,0,ZBW,router,router,router,1
936107,PROMPT_TUNING,0,ZBW,computer,computer,router,0
936110,PROMPT_TUNING,0,ZBW,computer,computer,router,0
936116,PROMPT_TUNING,0,ZBW,router,router,router,1
936124,PROMPT_TUNING,0,ZBW,computer,computer,router,0
936145,PROMPT_TUNING,0,ZBW,computer,computer,router,0
936152,PROMPT_TUNING,0,ZBW,computer,computer,router,0
936159,PROMPT_TUNING,0,ZBW,computer,computer,router,0
936170,PROMPT_TUNING,0,ZBW,computer,computer,router,0
936176,PROMPT_TUNING,0,ZBW,computer,computer,router,0
936179,PROMPT_TUNING,0,ZBW,computer,computer,router,0
936191,PROMPT_TUNING,0,ZBW,router,router,router,1
936205,PROMPT_TUNING,0,ZBW,computer,computer,router,0
936206,PROMPT_TUNING,0,ZBW,computer,computer,router,0
936211,PROMPT_TUNING,0,ZBW,computer,computer,router,0
936222,PROMPT_TUNING,0,ZBW,computer,computer,router,0
936226,PROMPT_TUNING,0,ZBW,computer,computer,router,0
936232,PROMPT_TUNING,0,ZBW,computer,computer,router,0
936235,PROMPT_TUNING,0,ZBW,computer,computer,router,0
936238,PROMPT_TUNING,0,ZBW,computer,computer,router,0
936246,PROMPT_TUNING,0,ZBW,computer,computer,router,0
936250,PROMPT_TUNING,0,ZBW,computer,computer,router,0
936252,PROMPT_TUNING,0,ZBW,computer,computer,router,0
936278,PROMPT_TUNING,0,ZBW,computer,computer,router,0
936292,PROMPT_TUNING,0,ZBW,computer,computer,router,0
936299,PROMPT_TUNING,0,ZBW,computer,computer,router,0
936314,PROMPT_TUNING,0,ZBW,computer,computer,router,0
936316,PROMPT_TUNING,0,ZBW,computer,computer,router,0
936317,PROMPT_TUNING,0,ZBW,computer,computer,router,0
936320,PROMPT_TUNING,0,ZBW,computer,computer,router,0
936327,PROMPT_TUNING,0,ZBW,computer,computer,router,0
936332,PROMPT_TUNING,0,ZBW,computer,computer,router,0
936340,PROMPT_TUNING,0,ZBW,computer,computer,router,0
936341,PROMPT_TUNING,0,ZBW,router,router,router,1
936356,PROMPT_TUNING,0,ZBW,computer,computer,router,0
936362,PROMPT_TUNING,0,ZBW,computer,computer,router,0
936386,PROMPT_TUNING,0,ZBW,computer,computer,router,0
936396,PROMPT_TUNING,0,ZBW,computer,computer,router,0
936407,PROMPT_TUNING,0,ZBW,computer,computer,router,0
936418,PROMPT_TUNING,0,ZBW,computer,computer,router,0
936428,PROMPT_TUNING,0,ZBW,computer,computer,router,0
936432,PROMPT_TUNING,0,ZBW,computer,computer,router,0
936439,PROMPT_TUNING,0,ZBW,computer,computer,router,0
936443,PROMPT_TUNING,0,ZBW,computer,computer,router,0
936481,PROMPT_TUNING,0,ZBW,computer,computer,router,0
936488,PROMPT_TUNING,0,ZBW,computer,computer,router,0
936496,PROMPT_TUNING,0,ZBW,computer,computer,router,0
936524,PROMPT_TUNING,0,ZBW,computer,computer,router,0
936525,PROMPT_TUNING,0,ZBW,computer,computer,router,0
936530,PROMPT_TUNING,0,ZBW,computer,computer,router,0
936531,PROMPT_TUNING,0,ZBW,computer,computer,router,0
936549,PROMPT_TUNING,0,ZBW,computer,computer,router,0
936550,PROMPT_TUNING,0,ZBW,router,router,router,1
936562,PROMPT_TUNING,0,ZBW,router,router,router,1
936568,PROMPT_TUNING,0,ZBW,computer,computer,router,0
936611,PROMPT_TUNING,0,ZBW,computer,computer,router,0
936624,PROMPT_TUNING,0,ZBW,router,router,router,1
936642,PROMPT_TUNING,0,ZBW,computer,computer,router,0
936645,PROMPT_TUNING,0,ZBW,computer,computer,router,0
936653,PROMPT_TUNING,0,ZBW,computer,computer,router,0
936655,PROMPT_TUNING,0,ZBW,computer,computer,router,0
936656,PROMPT_TUNING,0,ZBW,computer,computer,router,0
936664,PROMPT_TUNING,0,ZBW,computer,computer,router,0
936673,PROMPT_TUNING,0,ZBW,computer,computer,router,0
936688,PROMPT_TUNING,0,ZBW,computer,computer,router,0
936710,PROMPT_TUNING,0,ZBW,computer,computer,router,0
936711,PROMPT_TUNING,0,ZBW,computer,computer,router,0
936716,PROMPT_TUNING,0,ZBW,computer,computer,router,0
936724,PROMPT_TUNING,0,ZBW,computer,computer,router,0
936755,PROMPT_TUNING,0,ZBW,router,router,router,1
936807,PROMPT_TUNING,0,ZBW,computer,computer,router,0
936811,PROMPT_TUNING,0,ZBW,computer,computer,router,0
936818,PROMPT_TUNING,0,ZBW,computer,computer,router,0
936819,PROMPT_TUNING,0,ZBW,computer,computer,router,0
936823,PROMPT_TUNING,0,ZBW,computer,computer,router,0
936838,PROMPT_TUNING,0,ZBW,computer,computer,router,0
936842,PROMPT_TUNING,0,ZBW,computer,computer,router,0
936843,PROMPT_TUNING,0,ZBW,computer,computer,router,0
936844,PROMPT_TUNING,0,ZBW,computer,computer,router,0
936856,PROMPT_TUNING,0,ZBW,computer,computer,router,0
936867,PROMPT_TUNING,0,ZBW,computer,computer,router,0
936868,PROMPT_TUNING,0,ZBW,computer,computer,router,0
936871,PROMPT_TUNING,0,ZBW,computer,computer,router,0
936888,PROMPT_TUNING,0,ZBW,computer,computer,router,0
936911,PROMPT_TUNING,0,ZBW,computer,computer,router,0
936914,PROMPT_TUNING,0,ZBW,computer,computer,router,0
936919,PROMPT_TUNING,0,ZBW,computer,computer,router,0
936924,PROMPT_TUNING,0,ZBW,computer,computer,router,0
936935,PROMPT_TUNING,0,ZBW,computer,computer,router,0
936941,PROMPT_TUNING,0,ZBW,router,router,router,1
936975,PROMPT_TUNING,0,ZBW,computer,computer,router,0
936998,PROMPT_TUNING,0,ZBW,router,router,router,1
937035,PROMPT_TUNING,0,ZBW,computer,computer,router,0
937038,PROMPT_TUNING,0,ZBW,computer,computer,router,0
937040,PROMPT_TUNING,0,ZBW,switch,switch,mobile,0
937042,PROMPT_TUNING,0,ZBW,computer,computer,router,0
937052,PROMPT_TUNING,0,ZBW,router,router,router,1
937053,PROMPT_TUNING,0,ZBW,computer,computer,router,0
937054,PROMPT_TUNING,0,ZBW,computer,computer,router,0
937057,PROMPT_TUNING,0,ZBW,computer,computer,router,0
937074,PROMPT_TUNING,0,ZBW,computer,computer,router,0
937081,PROMPT_TUNING,0,ZBW,computer,computer,router,0
937085,PROMPT_TUNING,0,ZBW,computer,computer,router,0
937091,PROMPT_TUNING,0,ZBW,computer,computer,router,0
937099,PROMPT_TUNING,0,ZBW,computer,computer,router,0
937103,PROMPT_TUNING,0,ZBW,computer,computer,router,0
937108,PROMPT_TUNING,0,ZBW,computer,computer,router,0
937139,PROMPT_TUNING,0,ZBW,mobile,mobile,router,0
937143,PROMPT_TUNING,0,ZBW,computer,computer,router,0
937144,PROMPT_TUNING,0,ZBW,computer,computer,router,0
937148,PROMPT_TUNING,0,ZBW,computer,computer,router,0
937158,PROMPT_TUNING,0,ZBW,router,router,router,1
937164,PROMPT_TUNING,0,ZBW,mobile,mobile,router,0
937165,PROMPT_TUNING,0,ZBW,router,router,router,1
937166,PROMPT_TUNING,0,ZBW,router,router,router,1
937168,PROMPT_TUNING,0,ZBW,computer,computer,router,0
937174,PROMPT_TUNING,0,ZBW,computer,computer,router,0
937178,PROMPT_TUNING,0,ZBW,router,router,router,1
937195,PROMPT_TUNING,0,ZBW,computer,computer,router,0
937203,PROMPT_TUNING,0,ZBW,computer,computer,router,0
937220,PROMPT_TUNING,0,ZBW,computer,computer,router,0
937232,PROMPT_TUNING,0,ZBW,computer,computer,router,0
937237,PROMPT_TUNING,0,ZBW,computer,computer,router,0
937272,PROMPT_TUNING,0,ZBW,computer,computer,router,0
937297,PROMPT_TUNING,0,ZBW,router,router,router,1
937307,PROMPT_TUNING,0,ZBW,computer,computer,router,0
937310,PROMPT_TUNING,0,ZBW,computer,computer,router,0
937327,PROMPT_TUNING,0,ZBW,computer,computer,router,0
937333,PROMPT_TUNING,0,ZBW,computer,computer,router,0
937338,PROMPT_TUNING,0,ZBW,computer,computer,router,0
937368,PROMPT_TUNING,0,ZBW,router,router,router,1
937370,PROMPT_TUNING,0,ZBW,computer,computer,router,0
937371,PROMPT_TUNING,0,ZBW,router,router,router,1
937379,PROMPT_TUNING,0,ZBW,router,router,router,1
937397,PROMPT_TUNING,0,ZBW,router,router,router,1
937417,PROMPT_TUNING,0,ZBW,computer,computer,router,0
937419,PROMPT_TUNING,0,ZBW,router,router,router,1
937436,PROMPT_TUNING,0,ZBW,computer,computer,router,0
937446,PROMPT_TUNING,0,ZBW,computer,computer,router,0
937447,PROMPT_TUNING,0,ZBW,computer,computer,router,0
937457,PROMPT_TUNING,0,ZBW,computer,computer,router,0
937486,PROMPT_TUNING,0,ZBW,computer,computer,router,0
937489,PROMPT_TUNING,0,ZBW,computer,computer,router,0
937500,PROMPT_TUNING,0,ZBW,computer,computer,router,0
937502,PROMPT_TUNING,0,ZBW,computer,computer,router,0
937517,PROMPT_TUNING,0,ZBW,computer,computer,router,0
937523,PROMPT_TUNING,0,ZBW,computer,computer,router,0
937524,PROMPT_TUNING,0,ZBW,router,router,router,1
937551,PROMPT_TUNING,0,ZBW,computer,computer,router,0
937567,PROMPT_TUNING,0,ZBW,computer,computer,router,0
937580,PROMPT_TUNING,0,ZBW,computer,computer,router,0
937592,PROMPT_TUNING,0,ZBW,router,router,router,1
937606,PROMPT_TUNING,0,ZBW,router,router,router,1
937656,PROMPT_TUNING,0,ZBW,router,router,camera,0
937657,PROMPT_TUNING,0,ZBW,router,router,camera,0
937660,PROMPT_TUNING,0,ZBW,switch,switch,camera,0
937661,PROMPT_TUNING,0,ZBW,router,router,camera,0
937664,PROMPT_TUNING,0,ZBW,router,router,camera,0
937681,PROMPT_TUNING,0,ZBW,computer,computer,router,0
937684,PROMPT_TUNING,0,ZBW,router,router,camera,0
937689,PROMPT_TUNING,0,ZBW,computer,computer,router,0
937690,PROMPT_TUNING,0,ZBW,computer,computer,router,0
937697,PROMPT_TUNING,0,ZBW,camera,camera,camera,1
937699,PROMPT_TUNING,0,ZBW,router,router,camera,0
937711,PROMPT_TUNING,0,ZBW,computer,computer,router,0
937718,PROMPT_TUNING,0,ZBW,computer,computer,router,0
937720,PROMPT_TUNING,0,ZBW,router,router,camera,0
937721,PROMPT_TUNING,0,ZBW,camera,camera,camera,1
937723,PROMPT_TUNING,0,ZBW,router,router,camera,0
937741,PROMPT_TUNING,0,ZBW,computer,computer,router,0
937753,PROMPT_TUNING,0,ZBW,computer,computer,router,0
937758,PROMPT_TUNING,0,ZBW,router,router,camera,0
937760,PROMPT_TUNING,0,ZBW,computer,computer,router,0
937788,PROMPT_TUNING,0,ZBW,motion_sensor,motion_sensor,camera,0
937789,PROMPT_TUNING,0,ZBW,camera,camera,camera,1
937794,PROMPT_TUNING,0,ZBW,camera,camera,camera,1
937802,PROMPT_TUNING,0,ZBW,computer,computer,router,0
937807,PROMPT_TUNING,0,ZBW,router,router,camera,0
937810,PROMPT_TUNING,0,ZBW,switch,switch,camera,0
937818,PROMPT_TUNING,0,ZBW,computer,computer,router,0
937827,PROMPT_TUNING,0,ZBW,computer,computer,router,0
937830,PROMPT_TUNING,0,ZBW,router,router,camera,0
937847,PROMPT_TUNING,0,ZBW,camera,camera,camera,1
937875,PROMPT_TUNING,0,ZBW,router,router,camera,0
937878,PROMPT_TUNING,0,ZBW,router,router,camera,0
937882,PROMPT_TUNING,0,ZBW,router,router,camera,0
937886,PROMPT_TUNING,0,ZBW,router,router,camera,0
937895,PROMPT_TUNING,0,ZBW,computer,computer,router,0
937898,PROMPT_TUNING,0,ZBW,camera,camera,camera,1
937912,PROMPT_TUNING,0,ZBW,router,router,camera,0
937924,PROMPT_TUNING,0,ZBW,router,router,camera,0
937937,PROMPT_TUNING,0,ZBW,router,router,camera,0
937949,PROMPT_TUNING,0,ZBW,motion_sensor,motion_sensor,camera,0
937960,PROMPT_TUNING,0,ZBW,router,router,camera,0
937995,PROMPT_TUNING,0,ZBW,router,router,camera,0
937997,PROMPT_TUNING,0,ZBW,camera,camera,camera,1
938011,PROMPT_TUNING,0,ZBW,computer,computer,router,0
938025,PROMPT_TUNING,0,ZBW,camera,camera,camera,1
938029,PROMPT_TUNING,0,ZBW,computer,computer,router,0
938036,PROMPT_TUNING,0,ZBW,router,router,camera,0
938042,PROMPT_TUNING,0,ZBW,router,router,camera,0
938050,PROMPT_TUNING,0,ZBW,camera,camera,camera,1
938056,PROMPT_TUNING,0,ZBW,computer,computer,router,0
938060,PROMPT_TUNING,0,ZBW,router,router,camera,0
938062,PROMPT_TUNING,0,ZBW,mobile,mobile,camera,0
938072,PROMPT_TUNING,0,ZBW,router,router,mobile,0
938078,PROMPT_TUNING,0,ZBW,router,router,mobile,0
938093,PROMPT_TUNING,0,ZBW,router,router,mobile,0
938098,PROMPT_TUNING,0,ZBW,router,router,camera,0
938100,PROMPT_TUNING,0,ZBW,bulb,bulb,camera,0
938105,PROMPT_TUNING,0,ZBW,camera,camera,camera,1
938134,PROMPT_TUNING,0,ZBW,router,router,camera,0
938145,PROMPT_TUNING,0,ZBW,router,router,router,1
938154,PROMPT_TUNING,0,ZBW,router,router,camera,0
938162,PROMPT_TUNING,0,ZBW,camera,camera,camera,1
938189,PROMPT_TUNING,0,ZBW,computer,computer,router,0
938206,PROMPT_TUNING,0,ZBW,computer,computer,router,0
938215,PROMPT_TUNING,0,ZBW,router,router,camera,0
938231,PROMPT_TUNING,0,ZBW,router,router,router,1
938238,PROMPT_TUNING,0,ZBW,computer,computer,router,0
938250,PROMPT_TUNING,0,ZBW,router,router,camera,0
938252,PROMPT_TUNING,0,ZBW,camera,camera,camera,1
938260,PROMPT_TUNING,0,ZBW,computer,computer,router,0
938277,PROMPT_TUNING,0,ZBW,router,router,camera,0
938279,PROMPT_TUNING,0,ZBW,router,router,camera,0
938294,PROMPT_TUNING,0,ZBW,router,router,camera,0
938296,PROMPT_TUNING,0,ZBW,router,router,camera,0
938305,PROMPT_TUNING,0,ZBW,computer,computer,router,0
938313,PROMPT_TUNING,0,ZBW,router,router,camera,0
938382,PROMPT_TUNING,0,ZBW,computer,computer,router,0
938401,PROMPT_TUNING,0,ZBW,router,router,camera,0
938403,PROMPT_TUNING,0,ZBW,mobile,mobile,camera,0
938426,PROMPT_TUNING,0,ZBW,router,router,camera,0
938459,PROMPT_TUNING,0,ZBW,router,router,camera,0
938463,PROMPT_TUNING,0,ZBW,computer,computer,router,0
938465,PROMPT_TUNING,0,ZBW,router,router,camera,0
938481,PROMPT_TUNING,0,ZBW,router,router,camera,0
938489,PROMPT_TUNING,0,ZBW,computer,computer,router,0
938492,PROMPT_TUNING,0,ZBW,router,router,camera,0
938506,PROMPT_TUNING,0,ZBW,computer,computer,router,0
938513,PROMPT_TUNING,0,ZBW,computer,computer,router,0
938521,PROMPT_TUNING,0,ZBW,camera,camera,camera,1
938533,PROMPT_TUNING,0,ZBW,computer,computer,router,0
938535,PROMPT_TUNING,0,ZBW,router,router,camera,0
938566,PROMPT_TUNING,0,ZBW,router,router,camera,0
938580,PROMPT_TUNING,0,ZBW,router,router,camera,0
938592,PROMPT_TUNING,0,ZBW,camera,camera,camera,1
938599,PROMPT_TUNING,0,ZBW,router,router,speaker,0
938601,PROMPT_TUNING,0,ZBW,router,router,camera,0
938621,PROMPT_TUNING,0,ZBW,switch,switch,camera,0
938651,PROMPT_TUNING,0,ZBW,computer,computer,router,0
938674,PROMPT_TUNING,0,ZBW,computer,computer,router,0
938688,PROMPT_TUNING,0,ZBW,computer,computer,router,0
938690,PROMPT_TUNING,0,ZBW,computer,computer,router,0
938707,PROMPT_TUNING,0,ZBW,camera,camera,camera,1
938708,PROMPT_TUNING,0,ZBW,router,router,camera,0
938714,PROMPT_TUNING,0,ZBW,camera,camera,camera,1
938715,PROMPT_TUNING,0,ZBW,printer,printer,camera,0
938739,PROMPT_TUNING,0,ZBW,router,router,router,1
938752,PROMPT_TUNING,0,ZBW,router,router,camera,0
938765,PROMPT_TUNING,0,ZBW,computer,computer,router,0
938766,PROMPT_TUNING,0,ZBW,switch,switch,camera,0
938776,PROMPT_TUNING,0,ZBW,router,router,router,1
938783,PROMPT_TUNING,0,ZBW,camera,camera,camera,1
938787,PROMPT_TUNING,0,ZBW,computer,computer,router,0
938789,PROMPT_TUNING,0,ZBW,router,router,camera,0
938808,PROMPT_TUNING,0,ZBW,camera,camera,camera,1
938823,PROMPT_TUNING,0,ZBW,router,router,camera,0
938834,PROMPT_TUNING,0,ZBW,router,router,camera,0
938868,PROMPT_TUNING,0,ZBW,router,router,camera,0
938879,PROMPT_TUNING,0,ZBW,mobile,mobile,camera,0
938880,PROMPT_TUNING,0,ZBW,router,router,camera,0
938890,PROMPT_TUNING,0,ZBW,router,router,camera,0
938901,PROMPT_TUNING,0,ZBW,router,router,camera,0
938908,PROMPT_TUNING,0,ZBW,printer,printer,camera,0
938909,PROMPT_TUNING,0,ZBW,camera,camera,camera,1
938915,PROMPT_TUNING,0,ZBW,printer,printer,camera,0
938927,PROMPT_TUNING,0,ZBW,mobile,mobile,camera,0
938930,PROMPT_TUNING,0,ZBW,speaker,speaker,speaker,1
938938,PROMPT_TUNING,0,ZBW,router,router,router,1
938952,PROMPT_TUNING,0,ZBW,computer,computer,router,0
938958,PROMPT_TUNING,0,ZBW,camera,camera,camera,1
938970,PROMPT_TUNING,0,ZBW,camera,camera,camera,1
938980,PROMPT_TUNING,0,ZBW,computer,computer,router,0
939012,PROMPT_TUNING,0,ZBW,router,router,camera,0
939015,PROMPT_TUNING,0,ZBW,computer,computer,router,0
939020,PROMPT_TUNING,0,ZBW,router,router,router,1
939040,PROMPT_TUNING,0,ZBW,router,router,camera,0
939094,PROMPT_TUNING,0,ZBW,computer,computer,router,0
939113,PROMPT_TUNING,0,ZBW,router,router,camera,0
939129,PROMPT_TUNING,0,ZBW,router,router,camera,0
939145,PROMPT_TUNING,0,ZBW,computer,computer,router,0
939148,PROMPT_TUNING,0,ZBW,router,router,camera,0
939151,PROMPT_TUNING,0,ZBW,router,router,router,1
939172,PROMPT_TUNING,0,ZBW,computer,computer,router,0
939181,PROMPT_TUNING,0,ZBW,router,router,camera,0
939234,PROMPT_TUNING,0,ZBW,computer,computer,router,0
939238,PROMPT_TUNING,0,ZBW,computer,computer,router,0
939262,PROMPT_TUNING,0,ZBW,switch,switch,camera,0
939280,PROMPT_TUNING,0,ZBW,router,router,camera,0
939290,PROMPT_TUNING,0,ZBW,router,router,camera,0
939295,PROMPT_TUNING,0,ZBW,computer,computer,router,0
939302,PROMPT_TUNING,0,ZBW,router,router,camera,0
939305,PROMPT_TUNING,0,ZBW,camera,camera,camera,1
939307,PROMPT_TUNING,0,ZBW,switch,switch,camera,0
939310,PROMPT_TUNING,0,ZBW,router,router,camera,0
939313,PROMPT_TUNING,0,ZBW,router,router,camera,0
939314,PROMPT_TUNING,0,ZBW,computer,computer,router,0
939329,PROMPT_TUNING,0,ZBW,router,router,camera,0
939336,PROMPT_TUNING,0,ZBW,computer,computer,router,0
939348,PROMPT_TUNING,0,ZBW,printer,printer,camera,0
939352,PROMPT_TUNING,0,ZBW,router,router,camera,0
939359,PROMPT_TUNING,0,ZBW,computer,computer,router,0
939364,PROMPT_TUNING,0,ZBW,mobile,mobile,camera,0
939369,PROMPT_TUNING,0,ZBW,mobile,mobile,camera,0
939374,PROMPT_TUNING,0,ZBW,router,router,camera,0
939378,PROMPT_TUNING,0,ZBW,router,router,camera,0
939382,PROMPT_TUNING,0,ZBW,router,router,camera,0
939383,PROMPT_TUNING,0,ZBW,router,router,router,1
939390,PROMPT_TUNING,0,ZBW,router,router,camera,0
939398,PROMPT_TUNING,0,ZBW,router,router,camera,0
939407,PROMPT_TUNING,0,ZBW,router,router,camera,0
939412,PROMPT_TUNING,0,ZBW,router,router,router,1
939414,PROMPT_TUNING,0,ZBW,computer,computer,router,0
939415,PROMPT_TUNING,0,ZBW,computer,computer,router,0
939434,PROMPT_TUNING,0,ZBW,computer,computer,router,0
939448,PROMPT_TUNING,0,ZBW,camera,camera,camera,1
939450,PROMPT_TUNING,0,ZBW,computer,computer,router,0
939457,PROMPT_TUNING,0,ZBW,router,router,camera,0
939480,PROMPT_TUNING,0,ZBW,router,router,camera,0
939482,PROMPT_TUNING,0,ZBW,computer,computer,router,0
